id,first_name,last_name,number,team_id,position,class,from,country,height_in,games,poss,pts,ast,reb,oreb,stl,blk,to,fouls,fgm,fga,threem,threea,ftm,fta,sj_poss,sj_fgm,sj_pts,mj_poss,mj_fgm,mj_pts,cs_poss,cs_fgm,cs_pts,cs_three_fgm,cs_three_fga,cs_three_per_fga,rim_poss,rim_fgm,rim_pts,rim_ft_pct,hook_poss,hooks_fgm,hook_pts,run_poss,run_fgm,run_pts,dunk_poss,dunk_fgm,dunk_pts,dunk_ppp,iso_poss,iso_pts,iso_fgm,iso_fga,iso_efg,prb_poss,prb_pts,prb_fgm,prb_fga,post_poss,post_pts,post_fgm,post_fga,roll_poss,roll_pts,roll_fgm,roll_fga,trans_poss,trans_pts,trans_fgm,trans_fga,trans_fg,cut_poss,cut_pts,cut_fgm,cut_fga,pb_poss,pb_pts,pb_ppp,pb_fgm,pb_fga,pd_poss,pd_pts,pd_fgm,pd_fga,pd_threefgm,pd_threefga,intd_poss,intd_pts,intd_fgm,intd_fga,school,team_name,coach_name,school,team_name,coach_name,wins,losses,nescac_wins,nescac_losses,team_poss,team_pts,team_ast,team_reb,team_oreb,team_stl,team_blk,team_tov,team_fouls,team_fgm,team_fga,team_threem,team_threea,team_ftm,team_fta
112,Alex,Sobel,31,MID,Center,Senior,Setauket (NY),United States of America,80,26,500,501,82,302,96,32,95,67,64,194,356,5,12,108,165,1,1,2,4,0,0,16,6,17,5,12,0.75,267,158,323,0.049,24,11,23,35,14,28,22,22,45,2.045,14,14,5,11,0.455,9,8,3,5,167,135,53,120,12,16,7,10,66,73,29,44,0.659,69,80,30,50,86,105,1.221,46,66,114,82,30,102,17,47,141,111,49,124,Middlebury College,Panthers,Jeff Brown,Middlebury College,Panthers,Jeff Brown,20,6,7,3,2206,1866,327,1057,317,151,131,351,387,678,1624,155,494,355,500
96,Patrick,Mogan,50,HAM,Forward,Senior,Chestnut Hill (MA),United States of America,80,29,204,176,65,149,42,6,34,39,56,73,144,0,1,30,49,4,1,2,6,1,2,8,2,4,0,1,0.13,101,58,123,0.079,18,6,12,5,2,4,3,3,6,2.000,1,0,0,0,0.000,0,0,0,0,56,55,20,40,26,32,15,26,10,6,3,5,0.600,41,47,20,34,32,27,0.844,11,25,93,82,31,76,8,30,122,111,51,107,Hamilton College,Continentals,Adam Stockwell,Hamilton College,Continentals,Adam Stockwell,20,9,7,3,2349,2092,395,1022,279,148,115,342,497,757,1772,210,655,368,508
173,Nate,Karren,10,WIL,Center,Junior,Sacramento (CA),United States of America,81,28,343,360,84,175,18,22,41,55,65,129,259,42,93,60,63,3,1,2,0,0,0,86,41,123,41,86,1.00,69,37,77,0.043,71,34,68,20,11,22,0,0,0,0.000,8,12,5,6,0.833,0,0,0,0,84,86,33,64,41,54,20,38,23,25,9,18,0.500,50,61,26,42,10,6,0.600,2,8,84,65,25,72,9,38,120,95,44,95,Williams College,Ephs,Kevin App,Williams College,Ephs,Kevin App,24,5,7,3,2018,2117,369,885,121,152,127,303,341,713,1492,244,611,345,479
17,Devin,Harris,0,BAT,Forward,Junior,Bear (DE),United States of America,79,23,135,123,13,118,40,11,23,26,56,51,91,0,0,21,39,2,1,2,2,1,2,1,1,2,0,0,0.00,67,39,80,0.045,8,4,8,2,1,2,17,13,26,1.529,3,2,1,3,0.333,0,0,0,0,29,24,9,22,9,10,4,7,13,14,7,10,0.700,36,39,17,28,26,27,1.038,11,19,33,47,19,28,7,14,108,84,32,90,Bates College,Bobcats,Jon Furbush,Bates College,Bobcats,Jon Furbush,7,17,1,9,2006,1650,293,784,172,160,76,345,428,616,1975,203,619,216,327
87,Conner,Rood,11,HAM,Forward,Senior,Austin (TX),United States of America,77,29,395,353,98,200,49,29,8,80,56,127,259,12,46,87,124,35,14,28,20,5,10,44,11,33,11,42,0.95,134,86,181,0.104,0,0,0,12,5,11,1,1,2,2.000,10,10,5,8,0.625,66,50,17,44,11,18,5,7,0,0,0,0,89,89,30,60,0.500,34,42,16,24,42,47,1.119,17,27,139,127,50,123,14,48,98,87,39,87,Hamilton College,Continentals,Adam Stockwell,Hamilton College,Continentals,Adam Stockwell,20,9,7,3,2349,2092,395,1022,279,148,115,342,497,757,1772,210,655,368,508
166,Jared,Langs,32,WES,Forward,Sophomore,Fairview (TX),United States of America,80,24,158,148,13,100,32,6,20,18,31,58,124,4,23,28,35,1,0,0,1,0,0,24,4,12,4,22,0.92,87,51,106,0.046,5,1,2,3,0,0,3,3,7,2.333,0,0,0,0,0.000,0,0,0,0,26,17,7,18,23,25,8,19,24,31,12,18,0.667,39,41,18,32,21,22,1.048,10,19,34,22,7,25,2,9,95,83,39,89,Wesleyan University (CT),Cardinals,Joe Reilly,Wesleyan University (CT),Cardinals,Joe Reilly,16,10,7,3,2102,1851,392,922,237,153,61,285,325,691,1632,190,618,279,404
29,Stephen,Ward,21,BAT,Forward,Junior,Boston (MA),United States of America,78,23,101,80,21,115,37,17,8,21,52,37,70,0,0,6,20,2,0,0,0,0,0,0,0,0,0,0,0.00,61,34,68,0.033,4,2,4,2,1,2,2,2,4,2.000,12,13,6,10,0.600,0,0,0,0,16,9,4,12,7,8,4,7,14,15,7,10,0.700,17,9,4,13,16,16,1.000,7,10,61,58,23,56,10,29,93,70,27,78,Bates College,Bobcats,Jon Furbush,Bates College,Bobcats,Jon Furbush,7,17,1,9,2006,1650,293,784,172,160,76,345,428,616,1975,203,619,216,327
165,Fritz,Hauser,31,WES,Forward,Freshman,Waterford (VT),United States of America,80,25,127,109,30,72,29,14,4,12,27,42,106,12,38,13,20,5,2,4,5,2,4,40,13,38,12,37,0.93,53,25,52,0.038,5,1,2,1,0,0,1,0,0,0.000,0,0,0,0,0.000,0,0,0,0,10,9,4,10,21,18,7,21,16,11,4,13,0.308,23,20,9,19,12,10,0.833,5,10,69,51,19,56,8,23,92,89,41,86,Wesleyan University (CT),Cardinals,Joe Reilly,Wesleyan University (CT),Cardinals,Joe Reilly,16,10,7,3,2102,1851,392,922,237,153,61,285,325,691,1632,190,618,279,404
63,Jonah,Obi,25,COL,Forward,Senior,Simsbury (CT),United States of America,77,25,197,157,45,139,37,6,16,46,38,62,129,4,12,29,45,7,2,4,4,0,0,8,3,9,3,8,1.00,59,37,76,0.051,29,12,24,1,0,0,3,3,6,2.000,20,14,5,12,0.417,2,0,0,1,45,40,19,37,8,7,1,4,28,25,10,20,0.500,39,42,17,25,9,6,0.667,2,8,61,46,16,48,8,18,92,91,42,89,Colby College,Mules,Damien Strahorn,Colby College,Mules,Damien Strahorn,20,7,5,5,2163,2025,404,893,200,152,86,308,390,717,1668,288,795,303,416
53,Max,Poulton,1,COL,Guard,Freshman,Wellesley (MA),United States of America,76,26,303,323,40,113,26,20,4,29,51,113,256,59,156,38,47,11,4,8,18,8,16,147,58,175,55,142,0.97,58,38,83,0.121,0,0,0,5,1,2,0,0,0,0.000,7,7,2,6,0.417,19,13,5,14,0,0,0,0,5,9,3,4,58,69,22,47,0.468,35,46,21,30,11,13,1.182,5,8,144,94,39,121,8,34,88,78,37,79,Colby College,Mules,Damien Strahorn,Colby College,Mules,Damien Strahorn,20,7,5,5,2163,2025,404,893,200,152,86,308,390,717,1668,288,795,303,416
59,Will,King,14,COL,Guard,Senior,Glenview (IL),United States of America,77,26,347,322,155,115,23,26,5,48,30,116,258,21,58,69,92,17,5,10,4,1,2,38,17,51,17,38,1.00,142,72,153,0.077,8,1,2,29,15,32,0,0,0,0.000,44,34,12,36,0.333,116,104,43,92,7,5,2,4,1,0,0,1,25,17,8,19,0.421,2,2,0,1,7,10,1.429,3,4,153,147,55,130,26,72,83,104,45,74,Colby College,Mules,Damien Strahorn,Colby College,Mules,Damien Strahorn,20,7,5,5,2163,2025,404,893,200,152,86,308,390,717,1668,288,795,303,416
129,Ben,Callahan-Gold,32,TRI,Forward,Sophomore,New York (NY),United States of America,80,18,299,295,21,107,23,14,17,28,18,109,255,42,115,35,44,33,14,29,20,5,10,96,36,108,36,95,0.99,45,31,66,0.111,2,0,0,18,9,19,0,0,0,0.000,5,4,2,5,0.400,5,0,0,5,33,27,12,26,18,17,7,18,27,24,8,24,0.333,19,26,11,18,19,25,1.316,10,13,66,71,26,58,14,33,82,84,38,72,Trinity College (CT),Bantams,James Cosgrove,Trinity College (CT),Bantams,James Cosgrove,17,9,4,6,2101,1843,365,907,253,138,55,282,361,689,1633,191,596,271,413
143,Bobby,Stewart,21,TUF,Forward,Sophomore,Boca Raton (FL),United States of America,80,27,126,126,53,95,20,8,8,41,42,36,74,0,1,11,21,3,2,4,0,0,0,2,0,0,0,1,0.50,52,27,54,0.000,3,2,4,0,0,0,0,0,0,0.000,1,0,0,0,0.000,0,0,0,0,22,17,7,14,18,14,6,12,7,4,2,5,0.400,40,30,13,27,14,14,1.000,7,13,42,42,17,39,6,18,81,84,37,71,Tufts University,Jumbos,Brandon Linton,Tufts University,Jumbos,Brandon Linton,20,8,6,4,2274,2370,465,1009,245,190,87,368,459,804,1751,219,637,284,424
149,Gabe,Ravetz,0,WES,Guard,Senior,New York (NY),United States of America,76,25,386,382,19,116,16,26,6,42,51,133,312,68,178,48,76,47,21,42,6,2,4,114,45,133,43,111,0.97,55,32,67,0.091,2,1,2,6,1,2,0,0,0,0.000,30,25,12,28,0.446,32,27,10,28,25,17,7,20,3,6,2,3,81,82,25,57,0.439,16,18,8,13,6,8,1.333,3,5,149,123,43,131,24,75,79,66,32,74,Wesleyan University (CT),Cardinals,Joe Reilly,Wesleyan University (CT),Cardinals,Joe Reilly,16,10,7,3,2102,1851,392,922,237,153,61,285,325,691,1632,190,618,279,404
57,Noah,Tyson,12,COL,Forward,Senior,Castleton (VT),United States of America,75,27,312,310,34,165,26,27,16,25,44,103,263,63,194,41,52,7,1,2,7,3,6,161,52,159,52,160,1.00,47,32,64,0.000,5,3,6,4,1,2,0,0,0,0.000,4,2,0,3,0.000,17,10,3,14,1,2,1,1,5,6,2,5,54,42,13,49,0.265,38,49,22,29,12,7,0.583,3,9,147,105,40,124,12,54,76,88,41,71,Colby College,Mules,Damien Strahorn,Colby College,Mules,Damien Strahorn,20,7,5,5,2163,2025,404,893,200,152,86,308,390,717,1668,288,795,303,416
152,Nicky,Johnson,3,WES,Guard,Sophomore,Lexington (MA),United States of America,70,25,422,354,153,150,36,51,0,66,61,132,318,33,105,57,78,32,13,27,31,11,22,47,16,47,15,46,0.98,118,60,123,0.042,3,1,2,28,14,28,0,0,0,0.000,18,16,7,14,0.500,145,111,45,122,0,0,0,0,0,0,0,0,84,81,32,63,0.508,9,12,6,9,14,13,0.929,5,9,149,129,45,118,27,63,72,67,26,62,Wesleyan University (CT),Cardinals,Joe Reilly,Wesleyan University (CT),Cardinals,Joe Reilly,16,10,7,3,2102,1851,392,922,237,153,61,285,325,691,1632,190,618,279,404
156,Preston,Maccoux,11,WES,Forward,Senior,Big Bend (WI),United States of America,77,21,327,319,60,120,28,17,12,38,26,106,252,40,126,67,85,2,1,2,1,0,0,117,37,111,37,117,1.00,88,49,103,0.091,20,11,23,15,5,10,0,0,0,0.000,6,4,1,3,0.333,20,17,5,12,46,58,19,32,3,0,0,3,51,58,22,43,0.512,18,16,7,15,14,9,0.643,3,10,131,134,47,113,30,56,72,52,25,68,Wesleyan University (CT),Cardinals,Joe Reilly,Wesleyan University (CT),Cardinals,Joe Reilly,16,10,7,3,2102,1851,392,922,237,153,61,285,325,691,1632,190,618,279,404
146,Trumann,Gettings,25,TUF,Center,Sophomore,Studio CIty (CA),United States of America,80,28,275,275,35,134,47,22,10,53,54,102,197,1,8,21,52,7,2,4,1,0,0,9,1,3,1,8,0.89,136,75,150,0.015,24,9,18,8,6,12,12,9,18,1.500,1,1,0,0,0.000,1,0,0,1,56,43,20,42,24,15,6,20,20,19,8,14,0.571,82,88,42,67,27,28,1.037,13,20,119,89,31,103,16,50,72,63,29,58,Tufts University,Jumbos,Brandon Linton,Tufts University,Jumbos,Brandon Linton,20,8,6,4,2274,2370,465,1009,245,190,87,368,459,804,1751,219,637,284,424
36,Michael,Simonds,1,BOW,Guard,Junior,Falmouth (ME),United States of America,74,24,372,294,21,83,7,26,2,43,37,102,303,46,157,44,58,21,5,10,15,6,12,128,45,132,42,124,0.97,74,33,67,0.027,1,0,0,26,7,14,0,0,0,0.000,6,7,3,4,0.875,66,35,16,55,8,10,4,7,1,0,0,1,50,37,15,42,0.357,13,16,8,12,4,2,0.500,1,4,92,82,32,71,9,26,71,60,26,65,Bowdoin College,Polar Bears,Alex Lloyd,Bowdoin College,Polar Bears,Alex Lloyd,10,14,2,8,1995,1595,291,842,190,162,44,342,372,599,1481,163,516,233,366
82,Hank,Morgan,0,HAM,Guard,Sophomore,Caldwell (NJ),United States of America,77,29,430,408,50,117,30,19,7,44,58,150,354,57,169,51,68,59,25,50,26,11,22,147,50,146,46,137,0.93,74,47,97,0.041,6,4,8,14,5,10,5,4,8,1.600,17,20,7,12,0.583,75,62,24,61,9,7,1,5,0,0,0,0,63,66,27,57,0.474,25,24,10,18,16,19,1.188,7,11,164,137,56,143,20,57,70,50,24,65,Hamilton College,Continentals,Adam Stockwell,Hamilton College,Continentals,Adam Stockwell,20,9,7,3,2349,2092,395,1022,279,148,115,342,497,757,1772,210,655,368,508
83,Teja,Singh,1,HAM,Guard,Sophomore,Seattle (WA),United States of America,75,28,374,344,72,83,16,27,4,46,55,130,305,49,141,35,49,44,21,42,22,10,20,113,41,122,40,110,0.97,61,30,63,0.049,3,0,0,35,19,38,1,1,2,2.000,12,8,4,12,0.333,89,81,36,76,1,2,1,1,0,0,0,0,73,64,24,56,0.429,3,6,3,3,9,6,0.667,3,8,141,108,37,119,15,56,70,52,20,60,Hamilton College,Continentals,Adam Stockwell,Hamilton College,Continentals,Adam Stockwell,20,9,7,3,2349,2092,395,1022,279,148,115,342,497,757,1772,210,655,368,508
86,Eric,Anderson,5,HAM,Forward,Senior,Santa Barbara (CA),United States of America,78,27,371,352,30,167,54,21,11,34,51,117,295,45,141,73,91,35,9,18,16,3,6,134,41,121,39,126,0.94,74,46,97,0.081,3,1,2,6,3,6,8,7,14,1.750,3,3,0,1,0.000,16,14,5,13,20,18,7,18,21,33,12,20,48,49,15,36,0.417,37,46,18,29,32,33,1.031,13,25,126,113,39,108,21,60,69,49,21,61,Hamilton College,Continentals,Adam Stockwell,Hamilton College,Continentals,Adam Stockwell,20,9,7,3,2349,2092,395,1022,279,148,115,342,497,757,1772,210,655,368,508
65,Jack,Lawson,32,COL,Forward,Sophomore,St. Louis (MO),United States of America,79,26,255,187,32,136,27,16,12,37,39,77,201,16,60,17,37,0,0,0,11,2,4,68,18,52,16,59,0.87,106,52,104,0.028,16,6,13,8,2,4,5,5,10,2.000,14,5,2,10,0.200,4,4,2,3,32,17,7,24,22,23,10,21,38,30,13,32,0.406,39,37,16,29,16,17,1.063,8,14,91,71,25,72,13,39,69,53,24,60,Colby College,Mules,Damien Strahorn,Colby College,Mules,Damien Strahorn,20,7,5,5,2163,2025,404,893,200,152,86,308,390,717,1668,288,795,303,416
150,Shackylle,Dezonie,1,WES,Guard,Senior,Tobyhanna (PA),United States of America,77,24,278,237,48,162,43,13,8,36,36,105,225,7,34,20,34,46,22,44,15,5,10,36,7,21,7,34,0.94,90,56,113,0.022,9,3,6,13,5,10,1,1,2,2.000,11,14,7,10,0.700,14,10,5,13,25,14,6,18,5,8,4,5,39,40,19,33,0.576,52,52,24,41,20,21,1.050,9,18,122,112,45,108,18,48,65,67,32,59,Wesleyan University (CT),Cardinals,Joe Reilly,Wesleyan University (CT),Cardinals,Joe Reilly,16,10,7,3,2102,1851,392,922,237,153,61,285,325,691,1632,190,618,279,404
49,Xander,Werkman,33,BOW,Forward,Senior,Spokane (WA),United States of America,79,24,275,245,24,159,41,7,5,45,64,96,195,1,17,52,73,5,3,6,2,0,0,19,1,3,1,17,0.89,128,78,159,0.031,30,9,18,9,4,8,5,4,8,1.600,5,2,0,2,0.000,1,0,0,1,66,55,21,44,46,41,16,34,11,14,7,11,0.636,72,78,34,58,33,41,1.242,14,22,58,54,20,50,11,29,65,50,20,55,Bowdoin College,Polar Bears,Alex Lloyd,Bowdoin College,Polar Bears,Alex Lloyd,10,14,2,8,1995,1595,291,842,190,162,44,342,372,599,1481,163,516,233,366
54,Lucas,Green,2,COL,Guard,Junior,Franklin Park (NJ),United States of America,77,24,250,240,38,45,11,14,8,59,45,83,169,41,87,33,47,3,2,4,2,0,0,77,36,108,36,77,1.00,67,35,73,0.060,2,1,2,8,5,10,0,0,0,0.000,15,14,6,9,0.667,23,17,6,14,5,5,2,4,2,2,1,2,36,42,15,25,0.600,16,21,9,14,3,0,0.000,0,1,99,90,35,84,14,34,64,71,32,59,Colby College,Mules,Damien Strahorn,Colby College,Mules,Damien Strahorn,20,7,5,5,2163,2025,404,893,200,152,86,308,390,717,1668,288,795,303,416
90,Liam,Regan,15,HAM,Forward,Senior,Medway (MA),United States of America,78,27,156,139,33,84,25,15,16,20,66,48,116,15,37,28,40,4,0,0,0,0,0,37,15,45,15,37,1.00,56,29,59,0.018,13,3,6,3,0,0,0,0,0,0.000,0,0,0,0,0.000,2,0,0,2,24,21,6,15,2,2,1,1,23,17,7,21,0.333,32,31,14,23,20,15,0.750,5,13,77,74,24,62,10,23,63,34,13,51,Hamilton College,Continentals,Adam Stockwell,Hamilton College,Continentals,Adam Stockwell,20,9,7,3,2349,2092,395,1022,279,148,115,342,497,757,1772,210,655,368,508
178,Declan,Porter,21,WIL,Forward,Sophomore,Canton (NY),United States of America,79,28,281,332,43,96,15,19,8,18,12,110,248,84,196,28,34,4,1,2,2,1,2,166,70,211,70,166,1.00,26,12,24,0.000,6,2,4,15,10,20,0,0,0,0.000,1,2,0,0,0.000,5,5,2,4,6,6,3,6,2,3,1,2,49,51,17,43,0.395,9,11,4,7,8,6,0.750,2,7,119,88,34,112,19,63,60,43,19,55,Williams College,Ephs,Kevin App,Williams College,Ephs,Kevin App,24,5,7,3,2018,2117,369,885,121,152,127,303,341,713,1492,244,611,345,479
98,Noah,Osher,3,MID,Guard,Junior,Northbrook (IL),United States of America,72,26,381,334,35,92,3,19,0,49,32,115,307,55,163,49,60,42,16,33,55,19,38,158,62,174,49,129,0.82,42,23,47,0.048,0,0,0,5,2,4,1,0,0,0.000,20,7,2,16,0.156,35,25,9,26,0,0,0,0,1,0,0,0,47,54,21,40,0.525,18,17,8,16,3,2,0.667,1,2,135,108,41,113,17,47,59,36,18,55,Middlebury College,Panthers,Jeff Brown,Middlebury College,Panthers,Jeff Brown,20,6,7,3,2206,1866,327,1057,317,151,131,351,387,678,1624,155,494,355,500
108,Evan,Flaks,22,MID,Guard,Freshman,Baltimore (MD),United States of America,69,26,200,157,41,53,6,10,0,31,50,58,153,18,55,23,32,42,15,30,24,13,26,49,16,47,15,47,0.96,28,12,25,0.036,1,0,0,3,0,0,0,0,0,0.000,6,2,1,4,0.250,31,28,13,25,0,0,0,0,0,0,0,0,43,29,11,29,0.379,1,0,0,1,1,0,0.000,0,1,101,77,29,81,7,26,58,59,28,56,Middlebury College,Panthers,Jeff Brown,Middlebury College,Panthers,Jeff Brown,20,6,7,3,2206,1866,327,1057,317,151,131,351,387,678,1624,155,494,355,500
174,Spencer,Spivy,11,WIL,Guard,Senior,San Francisco (CA),United States of America,78,26,309,349,55,135,16,33,18,38,43,120,225,38,94,71,101,3,0,0,1,1,2,88,37,111,36,87,0.99,114,73,151,0.079,0,0,0,14,8,16,3,3,6,2.000,7,4,0,5,0.000,30,38,18,22,5,2,1,4,1,0,0,1,58,68,28,40,0.700,28,38,14,20,10,8,0.800,3,9,159,128,52,132,18,51,57,47,23,54,Williams College,Ephs,Kevin App,Williams College,Ephs,Kevin App,24,5,7,3,2018,2117,369,885,121,152,127,303,341,713,1492,244,611,345,479
92,Owen,Kane,22,HAM,Forward,Sophomore,Glenmont (NY),United States of America,79,28,113,116,14,77,15,7,14,18,44,43,83,8,17,22,26,1,0,0,3,1,2,20,9,26,8,17,0.85,46,27,55,0.043,15,7,14,1,0,0,1,1,2,2.000,1,2,1,1,1.000,0,0,0,0,22,21,10,20,14,11,3,12,14,10,4,11,0.364,19,26,10,16,10,14,1.400,7,9,51,43,16,41,4,12,57,33,16,56,Hamilton College,Continentals,Adam Stockwell,Hamilton College,Continentals,Adam Stockwell,20,9,7,3,2349,2092,395,1022,279,148,115,342,497,757,1772,210,655,368,508
132,Dylan,Thoerner,0,TUF,Guard,Senior,Irvine (CA),United States of America,78,28,356,414,47,95,14,21,5,42,51,137,277,58,134,82,99,16,8,16,14,5,11,115,49,145,46,110,0.96,95,61,132,0.116,1,0,0,16,4,8,7,6,13,1.857,3,0,0,2,0.000,54,52,14,37,3,2,1,2,1,2,0,0,81,88,33,68,0.485,30,37,16,26,10,8,0.800,3,8,135,104,39,105,14,47,54,52,25,51,Tufts University,Jumbos,Brandon Linton,Tufts University,Jumbos,Brandon Linton,20,8,6,4,2274,2370,465,1009,245,190,87,368,459,804,1751,219,637,284,424
110,David,Brennan,24,MID,Forward,Sophomore,Boston (MA),United States of America,78,26,199,157,33,232,102,23,7,36,53,62,136,0,0,33,53,0,0,0,0,0,0,1,0,0,0,0,0.00,101,47,95,0.040,26,12,25,6,3,6,5,3,6,1.200,3,2,1,2,0.500,2,2,1,2,40,36,15,28,6,6,3,5,16,9,4,12,0.333,54,39,16,40,42,45,1.071,16,32,82,47,18,65,6,28,54,31,14,50,Middlebury College,Panthers,Jeff Brown,Middlebury College,Panthers,Jeff Brown,20,6,7,3,2206,1866,327,1057,317,151,131,351,387,678,1624,155,494,355,500
131,Sean,Macarchuk,45,TRI,Forward,Sophomore,Croton-on-Hudson (NY),United States of America,78,25,154,124,26,87,28,7,5,12,29,45,132,22,74,12,20,1,0,0,2,1,2,74,22,65,21,72,0.97,36,19,38,0.000,9,1,2,7,2,4,0,0,0,0.000,0,0,0,0,0.000,0,0,0,0,2,0,0,2,10,16,6,10,26,29,11,24,0.458,25,16,7,23,16,15,0.938,5,11,81,73,28,70,13,38,54,40,15,44,Trinity College (CT),Bantams,James Cosgrove,Trinity College (CT),Bantams,James Cosgrove,17,9,4,6,2101,1843,365,907,253,138,55,282,361,689,1633,191,596,271,413
16,Will,Scherer,40,AMH,Center,Sophomore,Darnestown (MD),United States of America,82,19,133,105,18,130,51,8,20,35,45,47,87,0,0,11,21,0,0,0,0,0,0,1,1,2,0,0,0.00,68,38,76,0.015,17,8,16,0,0,0,10,8,16,1.600,0,0,0,0,0.000,0,0,0,0,33,27,12,26,7,5,2,3,10,8,4,7,0.571,22,22,10,18,37,35,0.946,16,29,32,26,8,25,6,19,54,36,15,44,Amherst College,Mammoths,Marlon Sears,Amherst College,Mammoths,Marlon Sears,10,14,4,6,1848,1414,271,872,216,113,98,343,377,523,1349,158,519,210,335
113,Sam,Stevens,33,MID,Guard,Sophomore,Mansfield (MA),United States of America,77,26,354,294,38,109,25,14,9,53,43,90,256,25,102,89,107,15,4,8,7,5,10,91,23,67,21,88,0.97,111,47,99,0.063,5,2,4,9,4,8,1,1,2,2.000,9,6,3,8,0.375,25,19,7,16,14,14,7,13,1,2,1,1,51,47,16,36,0.444,12,13,5,11,11,6,0.545,2,9,120,73,26,100,9,43,53,42,20,50,Middlebury College,Panthers,Jeff Brown,Middlebury College,Panthers,Jeff Brown,20,6,7,3,2206,1866,327,1057,317,151,131,351,387,678,1624,155,494,355,500
182,Evan,Glatzer,31,WIL,Guard,Sophomore,New York (NY),United States of America,75,27,186,186,68,101,6,14,12,54,25,53,113,4,16,25,41,0,0,0,0,0,0,16,4,12,4,16,1.00,83,45,95,0.060,5,2,4,9,2,4,0,0,0,0.000,3,2,1,2,0.500,31,29,12,18,2,0,0,2,0,0,0,0,49,36,14,28,0.500,17,21,9,15,1,0,0.000,0,1,179,118,48,152,17,74,52,46,20,48,Williams College,Ephs,Kevin App,Williams College,Ephs,Kevin App,24,5,7,3,2018,2117,369,885,121,152,127,303,341,713,1492,244,611,345,479
97,Jaden,Bobbett,2,MID,Guard,Sophomore,Rye (NH),United States of America,74,26,163,114,49,73,19,15,0,37,37,42,117,19,49,11,20,6,2,4,2,1,2,42,17,50,16,41,0.98,44,16,32,0.068,1,0,0,12,2,4,0,0,0,0.000,1,0,0,0,0.000,13,2,0,11,0,0,0,0,0,0,0,0,25,25,9,16,0.563,15,13,6,12,8,7,0.875,3,6,104,85,31,85,14,32,50,40,20,48,Middlebury College,Panthers,Jeff Brown,Middlebury College,Panthers,Jeff Brown,20,6,7,3,2206,1866,327,1057,317,151,131,351,387,678,1624,155,494,355,500
43,Afamdi,Achufusi,15,BOW,Forward,Sophomore,District of Columbia (DC),United States of America,76,23,188,129,41,87,25,23,7,29,39,50,139,8,37,21,40,37,11,22,2,0,0,26,7,21,7,26,1.00,49,26,52,0.041,4,2,4,7,2,4,1,1,2,2.000,13,4,1,10,0.100,41,21,10,37,8,9,4,6,0,0,0,0,23,28,11,18,0.611,18,21,9,12,7,0,0.000,0,3,106,60,24,86,6,35,49,31,14,42,Bowdoin College,Polar Bears,Alex Lloyd,Bowdoin College,Polar Bears,Alex Lloyd,10,14,2,8,1995,1595,291,842,190,162,44,342,372,599,1481,163,516,233,366
121,Trevor,McDonald,10,TRI,Forward,Freshman,Natick (MA),United States of America,77,23,87,100,30,84,36,5,1,12,31,39,65,3,13,19,25,0,0,0,1,1,2,14,4,11,3,13,0.93,48,34,72,0.104,1,1,2,2,0,0,0,0,0,0.000,0,0,0,0,0.000,0,0,0,0,6,6,3,6,8,5,2,6,12,17,8,12,0.667,18,31,13,16,16,22,1.375,7,11,60,38,15,48,6,24,49,39,18,43,Trinity College (CT),Bantams,James Cosgrove,Trinity College (CT),Bantams,James Cosgrove,17,9,4,6,2101,1843,365,907,253,138,55,282,361,689,1633,191,596,271,413
172,Brandon,Arnold,5,WIL,Center,Junior,Zebulon (NC),United States of America,79,23,50,50,12,76,15,12,12,10,33,13,34,0,5,6,12,0,0,0,0,0,0,5,0,0,0,5,1.00,26,12,25,0.038,2,1,2,1,0,0,2,2,4,2.000,0,0,0,0,0.000,0,0,0,0,4,4,2,3,6,5,2,5,5,4,2,3,0.667,17,11,5,11,10,8,0.800,2,7,19,17,6,18,4,9,49,39,17,42,Williams College,Ephs,Kevin App,Williams College,Ephs,Kevin App,24,5,7,3,2018,2117,369,885,121,152,127,303,341,713,1492,244,611,345,479
147,Joshua,Bernstein,31,TUF,Center,Freshman,Miami (FL),United States of America,83,23,118,118,12,99,39,5,32,19,43,52,84,0,0,20,34,1,0,0,0,0,0,0,0,0,0,0,0.00,73,47,95,0.041,7,3,6,0,0,0,9,9,18,2.000,0,0,0,0,0.000,0,0,0,0,32,27,11,22,11,10,5,11,12,18,8,9,0.889,22,30,12,16,29,34,1.172,15,25,48,34,11,37,4,21,48,38,17,39,Tufts University,Jumbos,Brandon Linton,Tufts University,Jumbos,Brandon Linton,20,8,6,4,2274,2370,465,1009,245,190,87,368,459,804,1751,219,637,284,424
138,Tyler,Aronson,11,TUF,Guard,Senior,Holliston (MA),United States of America,74,28,286,286,41,96,8,28,7,26,36,92,239,40,128,34,43,38,14,28,35,20,40,78,31,89,26,71,0.91,31,15,31,0.032,0,0,0,2,2,4,1,1,2,2.000,13,8,3,12,0.250,69,59,24,61,3,2,1,3,2,3,0,1,59,60,20,44,0.455,7,9,4,7,2,2,1.000,1,2,139,119,46,120,17,43,47,40,20,46,Tufts University,Jumbos,Brandon Linton,Tufts University,Jumbos,Brandon Linton,20,8,6,4,2274,2370,465,1009,245,190,87,368,459,804,1751,219,637,284,424
11,Ryker,Vance,23,AMH,Forward,Sophomore,Naples (FL),United States of America,79,20,176,168,12,109,39,11,23,23,24,58,120,6,21,46,73,4,0,0,1,0,0,21,6,18,6,20,0.95,68,43,89,0.088,13,5,11,7,2,4,7,7,14,2.000,4,3,1,1,1.000,0,0,0,0,40,40,17,33,11,12,3,8,6,6,2,4,0.500,36,38,13,26,27,36,1.333,13,19,69,53,19,59,9,27,47,24,11,41,Amherst College,Mammoths,Marlon Sears,Amherst College,Mammoths,Marlon Sears,10,14,4,6,1848,1414,271,872,216,113,98,343,377,523,1349,158,519,210,335
21,Jahmir,Primer,4,BAT,Guard,Sophomore,Hempstead (NY),United States of America,74,22,339,250,54,82,12,21,9,76,43,94,241,26,94,36,58,14,6,12,19,6,12,68,19,55,17,64,0.94,101,52,114,0.129,0,0,0,13,4,9,1,0,0,0.000,42,35,15,33,0.470,66,46,17,51,1,0,0,1,1,0,0,1,72,79,31,52,0.596,2,0,0,1,6,5,0.833,2,6,123,97,32,97,14,44,45,28,12,40,Bates College,Bobcats,Jon Furbush,Bates College,Bobcats,Jon Furbush,7,17,1,9,2006,1650,293,784,172,160,76,345,428,616,1975,203,619,216,327
37,Alex,Halpern,3,BOW,Guard,Freshman,New York (NY),United States of America,72,24,203,135,69,63,10,24,3,47,50,48,146,23,82,16,21,5,1,2,8,0,0,68,22,66,22,67,0.99,42,22,45,0.024,0,0,0,9,2,4,0,0,0,0.000,1,0,0,0,0.000,44,20,9,33,0,0,0,0,0,0,0,0,35,31,9,20,0.450,7,4,2,5,1,0,0.000,0,0,148,128,50,131,18,53,44,43,20,42,Bowdoin College,Polar Bears,Alex Lloyd,Bowdoin College,Polar Bears,Alex Lloyd,10,14,2,8,1995,1595,291,842,190,162,44,342,372,599,1481,163,516,233,366
42,James,McGowan,14,BOW,Guard,Sophomore,Westwood (MA),United States of America,72,19,349,351,43,104,20,23,0,48,32,133,282,54,120,31,45,53,20,40,27,15,30,64,30,90,30,63,0.98,68,36,74,0.044,1,0,0,10,5,11,0,0,0,0.000,13,14,5,13,0.538,108,98,39,87,2,2,1,2,1,2,1,1,58,62,26,51,0.510,10,12,4,5,11,8,0.727,4,11,125,103,37,100,17,48,44,43,18,39,Bowdoin College,Polar Bears,Alex Lloyd,Bowdoin College,Polar Bears,Alex Lloyd,10,14,2,8,1995,1595,291,842,190,162,44,342,372,599,1481,163,516,233,366
18,Trace,Gotham,1,BAT,Guard,Junior,Medfield (MA),United States of America,78,21,126,117,30,52,14,7,11,25,36,50,98,12,29,5,7,9,2,4,0,0,0,29,11,33,11,28,0.97,39,27,54,0.000,2,1,2,16,7,15,1,1,2,2.000,2,3,0,0,0.000,1,0,0,1,1,0,0,1,2,0,0,2,25,24,12,17,0.706,19,30,15,19,9,4,0.444,2,8,84,78,29,73,10,25,42,32,13,36,Bates College,Bobcats,Jon Furbush,Bates College,Bobcats,Jon Furbush,7,17,1,9,2006,1650,293,784,172,160,76,345,428,616,1975,203,619,216,327
10,Giovanni,Tam,22,AMH,Center,Freshman,Milan,Italy,82,21,77,64,15,40,7,3,2,17,34,29,53,0,0,6,17,0,0,0,3,1,2,3,1,2,0,0,0.00,31,20,40,0.065,17,8,17,2,0,0,3,0,0,0.000,2,0,0,0,0.000,0,0,0,0,32,29,14,24,5,0,0,3,6,9,4,4,1.000,17,19,8,14,5,5,1.000,2,4,30,26,10,23,3,8,41,45,21,34,Amherst College,Mammoths,Marlon Sears,Amherst College,Mammoths,Marlon Sears,10,14,4,6,1848,1414,271,872,216,113,98,343,377,523,1349,158,519,210,335
2,Canin,Reynolds,2,AMH,Guard,Sophomore,Bowie (MD),United States of America,69,23,253,183,77,71,5,32,0,37,42,62,201,32,112,27,35,11,1,2,18,6,12,70,22,64,20,67,0.96,46,20,40,0.000,0,0,0,14,3,7,0,0,0,0.000,11,3,1,9,0.111,62,31,12,49,1,0,0,1,0,0,0,0,49,40,14,41,0.341,2,4,2,2,1,0,0.000,0,1,130,101,38,101,13,34,40,33,12,37,Amherst College,Mammoths,Marlon Sears,Amherst College,Mammoths,Marlon Sears,10,14,4,6,1848,1414,271,872,216,113,98,343,377,523,1349,158,519,210,335
45,Jack,Shea,22,BOW,Forward,Senior,Glastonbury (CT),United States of America,78,24,87,52,11,61,21,5,3,28,30,17,45,0,0,18,28,0,0,0,0,0,0,0,0,0,0,0,0.00,37,16,35,0.081,7,1,2,0,0,0,0,0,0,0.000,4,4,1,2,0.500,0,0,0,0,14,5,2,8,17,6,1,9,1,0,0,1,0.000,14,17,8,12,16,14,0.875,5,10,30,21,8,26,4,11,40,45,17,31,Bowdoin College,Polar Bears,Alex Lloyd,Bowdoin College,Polar Bears,Alex Lloyd,10,14,2,8,1995,1595,291,842,190,162,44,342,372,599,1481,163,516,233,366
127,Jarrel,Okorougo,24,TRI,Forward,Freshman,Stoneham (MA),United States of America,76,25,161,154,17,120,53,25,8,18,44,70,129,0,1,14,30,9,6,12,7,2,4,2,1,2,0,0,0.00,92,56,114,0.022,3,2,4,9,3,6,15,10,20,1.333,2,2,0,0,0.000,3,4,2,2,3,0,0,3,4,4,2,4,25,27,12,20,0.600,51,54,25,40,40,44,1.100,20,34,56,40,15,46,9,26,39,31,14,31,Trinity College (CT),Bantams,James Cosgrove,Trinity College (CT),Bantams,James Cosgrove,17,9,4,6,2101,1843,365,907,253,138,55,282,361,689,1633,191,596,271,413
15,Dan,Schlakman,33,AMH,Forward,Junior,Sharon (MA),United States of America,79,20,106,64,18,84,28,4,11,26,38,23,65,2,10,16,34,1,0,0,2,1,2,9,3,8,2,8,0.89,41,18,37,0.049,5,1,2,2,1,2,1,1,2,2.000,0,0,0,0,0.000,0,0,0,0,24,11,5,19,7,8,3,6,8,6,3,4,0.750,15,11,4,11,11,10,0.909,3,7,40,38,12,36,9,20,39,25,11,32,Amherst College,Mammoths,Marlon Sears,Amherst College,Mammoths,Marlon Sears,10,14,4,6,1848,1414,271,872,216,113,98,343,377,523,1349,158,519,210,335
47,Nolan,Bessire,24,BOW,Forward,Freshman,Santa Rosa (CA),United States of America,80,23,98,67,12,80,22,7,7,23,19,30,65,0,1,7,24,0,0,0,0,0,0,0,0,0,0,0,0.00,56,29,62,0.125,6,1,2,2,0,0,8,6,13,1.625,1,0,0,1,0.000,0,0,0,0,12,4,2,6,34,32,14,24,5,5,2,5,0.400,18,14,6,12,15,6,0.400,3,13,38,24,9,34,5,17,39,35,14,27,Bowdoin College,Polar Bears,Alex Lloyd,Bowdoin College,Polar Bears,Alex Lloyd,10,14,2,8,1995,1595,291,842,190,162,44,342,372,599,1481,163,516,233,366
27,Brady,Coyne,14,BAT,Guard,Freshman,Falmouth (ME),United States of America,72,24,169,164,20,40,5,21,3,18,26,47,133,35,95,35,40,9,3,6,8,3,6,94,34,102,33,92,0.98,12,4,8,0.000,0,0,0,6,2,4,0,0,0,0.000,5,4,2,5,0.400,13,2,1,8,0,0,0,0,0,0,0,0,35,42,12,28,0.407,2,2,0,1,3,3,1.000,0,1,87,73,26,71,9,28,38,36,18,34,Bates College,Bobcats,Jon Furbush,Bates College,Bobcats,Jon Furbush,7,17,1,9,2006,1650,293,784,172,160,76,345,428,616,1975,203,619,216,327
38,Jaden,Hill,4,BOW,Guard,Freshman,Boston (MA),United States of America,65,24,144,116,31,45,9,22,0,24,42,43,111,20,50,10,19,10,3,6,9,4,8,41,20,58,18,39,0.95,35,15,31,0.029,1,1,2,6,0,0,0,0,0,0.000,5,4,1,3,0.500,34,21,9,24,0,0,0,0,0,0,0,0,34,28,11,29,0.379,5,2,1,3,3,4,1.333,2,2,77,73,27,67,8,29,38,51,21,35,Bowdoin College,Polar Bears,Alex Lloyd,Bowdoin College,Polar Bears,Alex Lloyd,10,14,2,8,1995,1595,291,842,190,162,44,342,372,599,1481,163,516,233,366
107,Jackson,McKersie,21,MID,Center,Freshman,Millis (MA),United States of America,80,24,94,63,12,54,23,8,12,25,39,25,62,0,1,13,16,1,0,0,15,7,14,16,7,14,0,1,0.06,36,15,33,0.083,5,2,4,1,0,0,2,1,2,1.000,1,0,0,1,0.000,0,0,0,0,9,4,2,5,7,2,1,4,11,13,6,11,0.545,21,11,3,16,15,18,1.200,6,9,40,39,13,36,8,21,38,26,12,33,Middlebury College,Panthers,Jeff Brown,Middlebury College,Panthers,Jeff Brown,20,6,7,3,2206,1866,327,1057,317,151,131,351,387,678,1624,155,494,355,500
34,Cam,Riley,34,BAT,Center,Senior,North Myrtle Beach (SC),United States of America,81,17,66,59,6,44,12,5,8,8,23,24,511,6,16,5,14,1,1,2,2,1,2,19,8,22,6,16,0.84,29,14,29,0.034,1,1,2,1,0,0,1,0,0,0.000,0,0,0,0,0.000,0,0,0,0,2,4,2,2,5,8,4,5,7,10,4,6,0.667,21,12,4,16,6,6,1.000,3,4,20,18,7,18,2,9,38,31,14,32,Bates College,Bobcats,Jon Furbush,Bates College,Bobcats,Jon Furbush,7,17,1,9,2006,1650,293,784,172,160,76,345,428,616,1975,203,619,216,327
19,Stephon,Baxter,2,BAT,Guard,Senior,Worcester (MA),United States of America,71,21,411,356,65,90,12,26,1,55,41,137,329,30,88,52,64,66,21,42,19,7,14,59,20,60,20,56,0.95,106,62,129,0.066,3,0,0,45,16,32,0,0,0,0.000,62,41,17,56,0.321,92,98,44,79,2,2,0,1,2,5,2,2,68,61,21,47,0.447,26,31,13,24,3,2,0.667,1,3,122,93,37,99,14,45,37,32,15,32,Bates College,Bobcats,Jon Furbush,Bates College,Bobcats,Jon Furbush,7,17,1,9,2006,1650,293,784,172,160,76,345,428,616,1975,203,619,216,327
137,Carson,Cohen,10,TUF,Guard,Senior,Pittsburgh (PA),United States of America,75,28,189,189,86,80,15,20,5,41,26,62,132,17,62,13,31,13,10,20,4,1,2,52,15,45,15,51,0.98,48,32,65,0.021,1,0,0,3,2,4,0,0,0,0.000,5,0,0,3,0.000,44,30,13,31,1,0,0,0,0,0,0,0,28,28,13,19,0.684,11,14,6,9,3,4,1.333,2,2,99,64,24,85,15,43,37,19,8,35,Tufts University,Jumbos,Brandon Linton,Tufts University,Jumbos,Brandon Linton,20,8,6,4,2274,2370,465,1009,245,190,87,368,459,804,1751,219,637,284,424
118,Henry,Vetter,3,TRI,Guard,Freshman,Kenilworth (IL),United States of America,76,25,325,267,61,65,4,12,3,53,37,85,237,42,120,55,77,14,5,10,7,3,6,79,28,83,27,78,0.99,75,33,67,0.040,1,0,0,21,3,7,0,0,0,0.000,12,4,2,9,0.222,97,77,25,76,1,2,1,1,1,3,1,1,59,64,19,37,0.514,3,4,2,2,5,6,1.200,3,4,97,63,23,76,9,37,37,45,19,33,Trinity College (CT),Bantams,James Cosgrove,Trinity College (CT),Bantams,James Cosgrove,17,9,4,6,2101,1843,365,907,253,138,55,282,361,689,1633,191,596,271,413
177,Hudson,Hansen,15,WIL,Forward,Freshman,Seattle (WA),United States of America,80,24,145,145,19,71,22,7,12,15,44,56,111,0,2,22,41,0,0,0,0,0,0,2,0,0,0,2,1.00,83,45,92,0.048,20,11,22,5,0,0,10,10,20,2.000,4,4,2,4,0.500,22,16,8,19,25,26,11,18,2,1,0,1,17,12,4,12,0.333,29,38,15,23,10,14,1.400,7,10,72,52,19,63,10,39,37,42,17,33,Williams College,Ephs,Kevin App,Williams College,Ephs,Kevin App,24,5,7,3,2018,2117,369,885,121,152,127,303,341,713,1492,244,611,345,479
46,Andrew,Szwez,23,BOW,Guard,Freshman,Penobscot (ME),United States of America,78,20,111,79,11,63,11,11,7,17,24,31,89,9,37,8,12,9,4,8,10,3,6,37,10,28,8,32,0.86,19,11,22,0.053,4,1,2,5,1,2,0,0,0,0.000,1,2,1,1,1.000,7,0,0,4,4,0,0,3,1,0,0,0,13,13,6,12,0.500,15,14,7,15,2,2,1.000,1,2,71,49,18,58,6,25,37,35,17,34,Bowdoin College,Polar Bears,Alex Lloyd,Bowdoin College,Polar Bears,Alex Lloyd,10,14,2,8,1995,1595,291,842,190,162,44,342,372,599,1481,163,516,233,366
122,Will,Dorion,11,TRI,Guard,Sophomore,Needham (MA),United States of America,74,25,261,170,102,86,10,25,2,44,27,65,189,9,45,31,58,52,19,38,13,3,6,29,5,15,5,27,0.93,62,27,56,0.065,0,0,0,15,4,8,0,0,0,0.000,15,12,5,15,0.333,87,53,20,65,3,4,2,2,0,0,0,0,36,25,8,23,0.348,3,5,2,2,6,10,1.667,5,6,133,96,32,110,16,60,35,24,12,33,Trinity College (CT),Bantams,James Cosgrove,Trinity College (CT),Bantams,James Cosgrove,17,9,4,6,2101,1843,365,907,253,138,55,282,361,689,1633,191,596,271,413
14,Noah,Helmke,31,AMH,Forward,Sophomore,Great Barrington (MA),United States of America,79,22,174,154,6,91,11,3,2,22,25,54,146,34,101,12,16,8,3,6,8,4,8,98,32,95,30,92,0.94,16,9,19,0.063,3,0,0,2,0,0,0,0,0,0.000,4,2,1,3,0.333,3,0,0,3,7,6,3,7,7,3,1,6,12,10,4,11,0.364,11,10,4,10,7,8,1.143,3,6,63,68,23,54,12,25,35,30,13,33,Amherst College,Mammoths,Marlon Sears,Amherst College,Mammoths,Marlon Sears,10,14,4,6,1848,1414,271,872,216,113,98,343,377,523,1349,158,519,210,335
136,Theo,Henry,4,TUF,Guard,Senior,Ardmore (PA),United States of America,73,28,249,249,72,92,26,20,1,40,62,74,175,22,69,58,71,7,3,6,3,0,0,59,20,60,20,59,1.00,87,46,93,0.023,1,0,0,5,1,2,0,0,0,0.000,7,5,1,3,0.333,33,24,9,23,1,0,0,0,2,4,1,1,54,41,15,38,0.395,23,36,15,19,10,4,0.400,1,9,154,123,43,124,28,68,34,31,13,28,Tufts University,Jumbos,Brandon Linton,Tufts University,Jumbos,Brandon Linton,20,8,6,4,2274,2370,465,1009,245,190,87,368,459,804,1751,219,637,284,424
126,Charles,"Redd, Jr.",22,TRI,Guard,Senior,Peekskill (NY),United States of America,75,25,295,263,34,103,12,27,6,57,49,90,203,30,83,53,73,42,23,46,16,7,14,81,30,91,29,77,0.96,52,24,49,0.019,0,0,0,6,3,6,0,0,0,0.000,22,12,5,16,0.344,41,31,12,28,3,4,2,3,2,2,1,2,57,48,15,35,0.429,8,9,4,5,6,8,1.333,4,4,118,88,33,102,15,54,34,29,11,30,Trinity College (CT),Bantams,James Cosgrove,Trinity College (CT),Bantams,James Cosgrove,17,9,4,6,2101,1843,365,907,253,138,55,282,361,689,1633,191,596,271,413
56,Cooper,Wirkala,5,COL,Forward,Senior,Spruce Head (ME),United States of America,78,26,111,121,17,31,9,5,4,11,25,38,85,22,52,23,32,1,1,2,0,0,0,37,17,51,17,37,1.00,22,12,24,0.091,2,1,2,8,2,4,0,0,0,0.000,9,11,5,9,0.611,9,9,3,8,0,0,0,0,0,0,0,0,25,28,7,18,0.389,3,3,1,1,1,2,2.000,1,1,45,45,17,37,3,9,34,38,19,33,Colby College,Mules,Damien Strahorn,Colby College,Mules,Damien Strahorn,20,7,5,5,2163,2025,404,893,200,152,86,308,390,717,1668,288,795,303,416
50,Kevin,Reeves,35,BOW,Forward,Freshman,Houston (TX),United States of America,80,17,74,72,3,51,13,5,9,14,17,29,46,0,0,14,26,2,1,2,0,0,0,0,0,0,0,0,0.00,39,26,52,0.000,1,0,0,4,2,4,6,5,10,1.667,0,0,0,0,0.000,0,0,0,0,7,5,2,6,7,5,1,3,10,14,7,8,0.875,26,35,13,16,15,13,0.867,6,12,18,13,5,13,1,3,34,23,10,28,Bowdoin College,Polar Bears,Alex Lloyd,Bowdoin College,Polar Bears,Alex Lloyd,10,14,2,8,1995,1595,291,842,190,162,44,342,372,599,1481,163,516,233,366
170,Cole,Prowitt-Smith,3,WIL,Guard,Junior,Fairfield (CT),United States of America,76,26,293,292,35,106,9,17,7,44,36,99,208,35,82,59,82,22,10,20,1,1,0,66,30,89,29,64,0.97,90,49,101,0.033,0,0,0,6,3,6,0,0,0,0.000,34,30,10,22,0.500,57,50,17,43,5,2,1,3,1,0,0,1,51,55,21,40,0.525,16,22,7,8,6,5,0.833,1,4,132,77,29,105,11,50,32,27,11,29,Williams College,Ephs,Kevin App,Williams College,Ephs,Kevin App,24,5,7,3,2018,2117,369,885,121,152,127,303,341,713,1492,244,611,345,479
30,Peter,Psyhogeos,22,BAT,Guard,Freshman,Yarmouth (ME),United States of America,76,19,109,100,8,59,13,3,7,17,31,37,82,11,27,15,19,7,1,2,3,1,2,27,11,33,11,27,1.00,22,9,18,0.000,2,1,2,20,13,26,0,0,0,0.000,3,4,2,2,1.000,5,6,3,4,0,0,0,0,0,0,0,0,26,24,8,17,0.471,4,3,1,3,8,1,0.125,0,5,54,63,24,46,8,20,32,33,15,31,Bates College,Bobcats,Jon Furbush,Bates College,Bobcats,Jon Furbush,7,17,1,9,2006,1650,293,784,172,160,76,345,428,616,1975,203,619,216,327
144,Casey,McLaren,22,TUF,Forward,Junior,Newburyport (MA),United States of America,78,26,130,130,12,55,11,12,8,16,33,44,111,26,75,3,8,8,0,0,2,0,0,65,22,66,22,64,0.98,23,16,32,0.087,0,0,0,1,1,2,3,3,6,2.000,0,0,0,0,0.000,6,2,1,4,0,0,0,0,0,0,0,0,28,26,11,26,0.423,9,13,6,8,6,7,1.167,3,5,64,41,14,54,6,25,31,10,4,27,Tufts University,Jumbos,Brandon Linton,Tufts University,Jumbos,Brandon Linton,20,8,6,4,2274,2370,465,1009,245,190,87,368,459,804,1751,219,637,284,424
44,Will,Logue,21,BOW,Guard,Freshman,Santa Rosa (CA),United States of America,73,19,64,32,19,35,9,8,1,16,14,11,39,1,11,9,17,3,1,2,0,0,0,11,1,3,1,11,1.00,23,9,18,0.000,0,0,0,2,0,0,0,0,0,0.000,1,0,0,0,0.000,9,1,0,4,0,0,0,0,0,0,0,0,10,5,1,6,0.167,6,5,1,3,2,4,2.000,2,2,56,44,19,50,3,18,31,34,17,28,Bowdoin College,Polar Bears,Alex Lloyd,Bowdoin College,Polar Bears,Alex Lloyd,10,14,2,8,1995,1595,291,842,190,162,44,342,372,599,1481,163,516,233,366
61,Alec,McGovern,21,COL,Guard,Senior,Colchester (CT),United States of America,75,22,133,144,7,39,13,12,6,15,29,48,107,27,70,21,25,4,2,4,1,1,2,70,28,85,27,68,0.99,26,16,33,0.038,1,0,0,3,2,4,0,0,0,0.000,1,0,0,1,0.000,5,4,0,1,4,2,0,2,2,0,0,2,27,31,9,21,0.429,10,12,6,8,2,2,1.000,1,1,45,24,8,40,3,17,30,17,8,30,Colby College,Mules,Damien Strahorn,Colby College,Mules,Damien Strahorn,20,7,5,5,2163,2025,404,893,200,152,86,308,390,717,1668,288,795,303,416
125,Gilbert,Otoo,15,TRI,Forward,Junior,Burtonsville (MD),United States of America,77,24,208,188,22,71,18,7,3,15,34,77,180,15,49,19,29,31,18,36,24,8,16,56,17,49,15,45,0.80,55,29,59,0.036,6,2,4,11,5,10,0,0,0,0.000,6,4,1,4,0.250,29,26,13,26,6,6,2,5,1,0,0,1,57,60,24,51,0.471,18,17,7,14,15,12,0.800,6,13,92,86,31,74,15,41,29,39,18,28,Trinity College (CT),Bantams,James Cosgrove,Trinity College (CT),Bantams,James Cosgrove,17,9,4,6,2101,1843,365,907,253,138,55,282,361,689,1633,191,596,271,413
116,Joseph,Hoch,1,TRI,Guard,Senior,Queens (NY),United States of America,73,23,124,121,22,52,17,5,4,16,14,50,103,12,34,9,13,6,3,6,1,1,2,32,11,33,11,32,1.00,54,32,65,0.056,0,0,0,8,1,2,0,0,0,0.000,2,0,0,2,0.000,10,11,4,7,0,0,0,0,0,0,0,0,24,29,12,21,0.571,15,14,5,9,8,14,1.750,7,8,89,80,30,75,12,36,29,33,15,26,Trinity College (CT),Bantams,James Cosgrove,Trinity College (CT),Bantams,James Cosgrove,17,9,4,6,2101,1843,365,907,253,138,55,282,361,689,1633,191,596,271,413
6,Michael,Schretter,13,AMH,Center,Senior,Ridgewood (NJ),United States of America,79,14,67,55,12,36,15,1,0,14,15,24,49,0,0,7,10,0,0,0,1,0,0,1,0,0,0,0,0.00,33,20,41,0.061,12,4,8,2,0,0,1,1,2,2.000,1,0,0,0,0.000,0,0,0,0,19,16,8,15,1,2,1,1,8,10,4,7,0.571,17,16,7,13,10,7,0.700,3,7,16,12,4,14,3,9,29,29,12,25,Amherst College,Mammoths,Marlon Sears,Amherst College,Mammoths,Marlon Sears,10,14,4,6,1848,1414,271,872,216,113,98,343,377,523,1349,158,519,210,335
22,Simon,McCormick,5,BAT,Guard,Junior,Whitefield (ME),United States of America,68,23,199,144,38,62,5,26,0,34,39,50,157,31,102,13,18,15,4,9,6,1,2,88,27,81,26,85,0.97,27,11,22,0.000,0,0,0,5,2,4,0,0,0,0.000,3,0,0,3,0.000,18,8,3,14,0,0,0,0,0,0,0,0,44,36,14,32,0.438,5,6,2,3,1,0,0.000,0,1,89,63,26,68,8,29,28,30,13,26,Bates College,Bobcats,Jon Furbush,Bates College,Bobcats,Jon Furbush,7,17,1,9,2006,1650,293,784,172,160,76,345,428,616,1975,203,619,216,327
33,Elliott,Cravitz,30,BAT,Guard,Freshman,Denver (CO),United States of America,75,20,161,129,8,36,3,7,1,18,31,46,137,31,103,6,15,9,1,2,8,4,8,85,23,69,23,83,0.98,11,7,15,0.182,0,0,0,4,2,4,0,0,0,0.000,8,11,4,8,0.625,10,0,0,6,0,0,0,0,0,0,0,0,23,18,7,22,0.318,5,8,4,5,1,0,0.000,0,1,53,46,18,44,9,19,28,23,10,23,Bates College,Bobcats,Jon Furbush,Bates College,Bobcats,Jon Furbush,7,17,1,9,2006,1650,293,784,172,160,76,345,428,616,1975,203,619,216,327
119,Dana,"Smith, Jr.",4,TRI,Forward,Senior,Providence (RI),United States of America,76,15,90,93,17,82,36,5,6,12,39,36,69,10,28,11,22,0,0,0,1,0,0,29,10,30,10,28,0.97,39,26,52,0.051,1,0,0,0,0,0,1,1,2,2.000,0,0,0,0,0.000,0,0,0,0,0,0,0,0,2,2,1,1,10,14,6,9,0.667,19,18,8,14,23,23,1.000,10,18,44,32,10,33,5,18,28,19,5,17,Trinity College (CT),Bantams,James Cosgrove,Trinity College (CT),Bantams,James Cosgrove,17,9,4,6,2101,1843,365,907,253,138,55,282,361,689,1633,191,596,271,413
103,Edward,Witherington,12,MID,Forward,Freshman,Fairhope (AL),United States of America,78,22,56,51,7,39,12,5,2,5,15,19,44,7,21,6,11,1,0,0,1,1,2,22,8,23,7,21,0.95,14,6,12,0.000,3,2,4,2,2,4,0,0,0,0.000,0,0,0,0,0.000,1,0,0,1,5,4,2,3,0,0,0,0,6,2,1,5,0.200,11,14,6,9,7,6,0.857,2,5,41,32,12,36,6,14,27,25,11,25,Middlebury College,Panthers,Jeff Brown,Middlebury College,Panthers,Jeff Brown,20,6,7,3,2206,1866,327,1057,317,151,131,351,387,678,1624,155,494,355,500
154,Gabe,Millstein,5,WES,Guard,Senior,Ridgewood (NJ),United States of America,72,25,68,33,21,38,7,8,1,15,25,11,49,6,36,5,8,3,0,0,0,0,0,34,6,18,6,34,1.00,9,5,10,0.000,0,0,0,1,0,0,0,0,0,0.000,1,2,1,1,1.000,6,2,1,3,0,0,0,0,1,0,0,1,6,2,1,4,0.250,2,1,0,1,2,3,1.500,1,1,73,48,20,68,5,31,26,32,15,24,Wesleyan University (CT),Cardinals,Joe Reilly,Wesleyan University (CT),Cardinals,Joe Reilly,16,10,7,3,2102,1851,392,922,237,153,61,285,325,691,1632,190,618,279,404
52,Liam,O'Connell,0,COL,Guard,Junior,Bedford (NH),United States of America,76,23,87,82,11,21,4,5,6,12,26,27,66,13,36,15,20,6,1,2,7,1,2,20,8,23,7,17,0.85,14,12,25,0.071,0,0,0,0,0,0,0,0,0,0.000,2,0,0,1,0.000,8,6,3,7,0,0,0,0,0,0,0,0,26,29,10,20,0.500,9,11,5,8,1,2,2.000,1,1,50,54,17,40,9,18,26,24,10,25,Colby College,Mules,Damien Strahorn,Colby College,Mules,Damien Strahorn,20,7,5,5,2163,2025,404,893,200,152,86,308,390,717,1668,288,795,303,416
7,Christopher,Hammond,15,AMH,Forward,Freshman,Los Angeles (CA),United States of America,78,23,175,133,24,54,12,12,7,34,34,49,128,21,62,14,24,8,3,6,5,3,6,61,22,62,18,54,0.89,34,16,32,0.000,1,1,2,10,3,6,1,0,0,0.000,1,2,1,1,1.000,6,5,2,4,10,6,2,7,0,0,0,0,30,22,9,23,0.391,8,6,2,6,5,5,1.000,2,4,86,71,25,68,8,28,25,19,9,25,Amherst College,Mammoths,Marlon Sears,Amherst College,Mammoths,Marlon Sears,10,14,4,6,1848,1414,271,872,216,113,98,343,377,523,1349,158,519,210,335
60,Ben,Kaczmarek,20,COL,Guard,Sophomore,Newton (MA),United States of America,76,13,51,40,6,31,7,11,2,9,21,15,41,8,22,2,2,0,0,0,4,1,2,24,9,26,8,21,0.88,13,6,12,0.000,0,0,0,2,0,0,0,0,0,0.000,0,0,0,0,0.000,4,3,1,2,0,0,0,0,1,0,0,1,6,2,1,4,0.250,3,4,2,3,3,0,0.000,0,2,35,26,11,32,4,17,25,20,10,25,Colby College,Mules,Damien Strahorn,Colby College,Mules,Damien Strahorn,20,7,5,5,2163,2025,404,893,200,152,86,308,390,717,1668,288,795,303,416
153,Steven,Johnson,4,WES,Forward,Senior,Brooklyn (NY),United States of America,80,14,43,38,6,41,11,4,7,8,15,15,27,0,0,8,16,0,0,0,0,0,0,0,0,0,0,0,0.00,21,11,22,0.048,6,4,8,0,0,0,2,2,4,2.000,0,0,0,0,0.000,0,0,0,0,11,8,4,8,5,3,1,3,0,0,0,0,0.000,13,15,6,9,8,12,1.500,4,6,27,29,10,25,6,11,25,26,13,22,Wesleyan University (CT),Cardinals,Joe Reilly,Wesleyan University (CT),Cardinals,Joe Reilly,16,10,7,3,2102,1851,392,922,237,153,61,285,325,691,1632,190,618,279,404
141,Khai,Champion,14,TUF,Guard,Sophomore,Philadelphia (PA),United States of America,72,25,193,231,22,36,7,16,2,35,27,71,185,30,85,21,28,28,14,28,7,2,5,67,25,75,25,67,1.00,45,21,42,0.022,0,0,0,18,3,6,1,1,2,2.000,6,0,0,1,0.000,39,26,11,33,1,0,0,1,1,0,0,1,64,66,25,48,0.521,2,4,2,2,6,8,1.333,3,5,97,81,28,80,16,48,24,23,10,22,Tufts University,Jumbos,Brandon Linton,Tufts University,Jumbos,Brandon Linton,20,8,6,4,2274,2370,465,1009,245,190,87,368,459,804,1751,219,637,284,424
179,Alex,Lee,22,WIL,Guard,Freshman,Houston (TX),United States of America,74,28,189,181,17,49,5,10,3,29,25,63,141,22,64,33,45,14,8,16,3,2,4,52,18,52,16,50,0.96,55,30,64,0.127,0,0,0,5,1,2,0,0,0,0.000,3,1,0,1,0.000,26,31,12,22,0,0,0,0,0,0,0,0,33,24,10,27,0.370,16,24,9,12,6,2,0.333,1,5,84,63,25,70,9,32,24,25,11,21,Williams College,Ephs,Kevin App,Williams College,Ephs,Kevin App,24,5,7,3,2018,2117,369,885,121,152,127,303,341,713,1492,244,611,345,479
88,Garret,Keyhani,12,HAM,Forward,Freshman,Hillborough (CA),United States of America,79,22,112,99,7,51,13,4,3,16,22,33,83,13,40,20,25,7,1,2,2,0,0,42,13,39,13,40,0.95,22,13,26,0.000,5,0,0,3,2,4,0,0,0,0.000,2,0,0,1,0.000,4,2,0,2,8,6,2,6,1,0,0,1,17,17,7,12,0.583,9,12,4,7,10,13,1.300,4,7,57,55,19,44,6,17,24,30,13,23,Hamilton College,Continentals,Adam Stockwell,Hamilton College,Continentals,Adam Stockwell,20,9,7,3,2349,2092,395,1022,279,148,115,342,497,757,1772,210,655,368,508
142,Scott,Gyimesi,20,TUF,Forward,Freshman,Fair Haven (NJ),United States of America,78,18,87,87,22,110,40,15,5,9,29,43,71,2,4,9,13,1,1,2,0,0,0,3,2,6,2,3,1.00,38,26,53,0.026,18,12,24,11,3,6,3,3,6,2.000,0,0,0,0,0.000,0,0,0,0,7,2,1,5,3,6,3,3,15,10,5,13,0.385,26,39,19,25,15,17,1.133,7,11,54,36,11,41,7,21,24,14,7,23,Tufts University,Jumbos,Brandon Linton,Tufts University,Jumbos,Brandon Linton,20,8,6,4,2274,2370,465,1009,245,190,87,368,459,804,1751,219,637,284,424
175,Brandon,Roughley,12,WIL,Forward,Sophomore,Dalton (MA),United States of America,80,16,100,100,14,34,8,7,10,19,28,36,72,3,14,17,20,3,2,4,6,6,4,14,3,9,3,14,1.00,40,25,52,0.050,8,4,8,3,1,2,2,2,4,2.000,3,6,2,2,1.000,1,1,0,0,19,19,9,17,0,0,0,0,10,10,3,5,0.600,20,22,11,17,6,8,1.333,2,4,39,30,10,33,5,18,23,10,5,18,Williams College,Ephs,Kevin App,Williams College,Ephs,Kevin App,24,5,7,3,2018,2117,369,885,121,152,127,303,341,713,1492,244,611,345,479
8,Bobby,Sommers,20,AMH,Guard,Sophomore,Southborough (MA),United States of America,75,23,182,133,17,53,13,9,4,35,22,50,135,15,46,18,28,4,1,2,5,3,6,46,15,44,14,44,0.96,72,27,56,0.042,1,0,0,7,4,8,9,5,11,1.222,0,0,0,0,0.000,8,6,3,4,1,0,0,0,0,0,0,0,54,40,16,42,0.381,5,8,4,5,10,7,0.700,3,8,80,49,17,67,11,37,22,10,5,20,Amherst College,Mammoths,Marlon Sears,Amherst College,Mammoths,Marlon Sears,10,14,4,6,1848,1414,271,872,216,113,98,343,377,523,1349,158,519,210,335
12,Charlie,Randall,25,AMH,Center,Freshman,Larchmont (NY),United States of America,85,16,118,76,9,62,7,4,18,24,13,28,87,9,36,11,14,7,2,4,4,0,0,39,10,29,9,35,0.90,13,8,16,0.077,8,4,8,1,1,2,0,0,0,0.000,2,0,0,2,0.000,0,0,0,0,18,14,6,15,4,7,3,4,15,8,3,10,0.300,27,21,9,20,5,4,0.800,1,4,44,22,6,32,2,15,22,12,4,20,Amherst College,Mammoths,Marlon Sears,Amherst College,Mammoths,Marlon Sears,10,14,4,6,1848,1414,271,872,216,113,98,343,377,523,1349,158,519,210,335
85,Yashiya,Crespin,4,HAM,Guard,Freshman,Cary (NC),United States of America,75,24,59,31,7,23,9,6,4,13,25,10,41,6,24,5,9,3,1,2,1,0,0,19,5,15,5,19,1.00,7,1,2,0.000,0,0,0,5,2,4,0,0,0,0.000,0,0,0,0,0.000,8,5,2,8,0,0,0,0,0,0,0,0,13,4,0,8,0.000,1,0,0,1,2,0,0.000,0,1,45,39,13,35,7,19,20,16,8,18,Hamilton College,Continentals,Adam Stockwell,Hamilton College,Continentals,Adam Stockwell,20,9,7,3,2349,2092,395,1022,279,148,115,342,497,757,1772,210,655,368,508
3,Christopher,"Mitchell, Jr.",3,AMH,Guard,Sophomore,Windsor (CT),United States of America,70,22,167,118,33,25,1,9,0,31,30,43,131,21,75,11,11,10,2,4,16,7,14,57,18,52,16,53,0.93,13,8,17,0.077,0,0,0,17,5,10,0,0,0,0.000,5,5,2,5,0.400,34,28,12,28,0,0,0,0,0,0,0,0,25,20,7,21,0.333,1,0,0,0,1,0,0.000,0,1,76,50,20,70,8,31,19,12,6,17,Amherst College,Mammoths,Marlon Sears,Amherst College,Mammoths,Marlon Sears,10,14,4,6,1848,1414,271,872,216,113,98,343,377,523,1349,158,519,210,335
164,Shane,Regan,30,WES,Guard,Sophomore,Larchmont (NY),United States of America,75,17,124,111,26,51,12,6,1,20,23,43,93,6,22,19,26,8,4,8,3,2,4,19,6,17,5,18,0.95,44,25,52,0.091,1,1,2,14,5,10,0,0,0,0.000,5,4,2,4,0.500,15,11,4,8,1,2,1,1,0,0,0,0,23,23,9,16,0.563,7,6,3,7,3,4,1.333,2,3,46,28,10,40,8,19,19,16,8,19,Wesleyan University (CT),Cardinals,Joe Reilly,Wesleyan University (CT),Cardinals,Joe Reilly,16,10,7,3,2102,1851,392,922,237,153,61,285,325,691,1632,190,618,279,404
160,Cole,Bryant,15,WES,Guard,Sophomore,Bethel (CT),United States of America,75,16,49,39,1,21,7,0,1,1,4,14,47,10,32,1,2,3,0,0,4,1,2,34,10,30,10,31,0.91,8,2,4,0.000,0,0,0,1,1,2,0,0,0,0.000,0,0,0,0,0.000,1,2,1,1,0,0,0,0,0,0,0,0,8,3,1,7,0.143,1,2,1,1,6,4,0.667,2,6,22,12,6,21,0,10,19,28,13,19,Wesleyan University (CT),Cardinals,Joe Reilly,Wesleyan University (CT),Cardinals,Joe Reilly,16,10,7,3,2102,1851,392,922,237,153,61,285,325,691,1632,190,618,279,404
75,David,Murray,13,CON,Center,Junior,Jackson Heights (NY),United States of America,79,25,370,355,32,185,78,35,37,55,62,162,292,0,2,31,60,10,8,16,1,1,2,1,0,0,0,1,1.00,193,118,240,0.062,57,26,52,16,6,13,13,12,24,1.846,9,4,2,8,0.250,0,0,0,0,113,85,40,96,18,19,9,14,27,34,15,23,0.652,102,106,48,84,61,79,1.295,36,51,13,12,5,12,2,3,18,8,3,12,Connecticut College,Camels,Tim Sweeney,Connecticut College,Camels,Tim Sweeney,14,11,5,5,1881,1588,294,782,200,194,83,261,337,621,1483,147,504,199,321
64,David,Stewart,31,COL,Forward,Sophomore,Arnold (MD),United States of America,79,14,48,36,11,28,3,2,1,8,12,11,37,8,25,6,6,0,0,0,7,1,2,23,8,24,8,21,0.91,4,2,4,0.000,0,0,0,1,0,0,0,0,0,0.000,0,0,0,0,0.000,1,0,0,0,0,0,0,0,0,0,0,0,10,10,3,8,0.375,1,0,0,0,1,0,0.000,0,1,14,15,5,11,1,3,17,22,10,17,Colby College,Mules,Damien Strahorn,Colby College,Mules,Damien Strahorn,20,7,5,5,2163,2025,404,893,200,152,86,308,390,717,1668,288,795,303,416
55,Kyle,Butler,3,COL,Guard,Senior,Mattapan (MA),United States of America,75,14,40,44,3,7,2,2,3,4,14,18,35,5,18,3,4,0,0,0,0,0,0,16,5,15,5,16,1.00,15,12,26,0.133,0,0,0,2,1,2,0,0,0,0.000,1,0,0,0,0.000,1,0,0,0,0,0,0,0,0,0,0,0,13,10,4,11,0.364,7,13,6,7,2,4,2.000,2,2,28,20,7,24,2,10,16,16,7,15,Colby College,Mules,Damien Strahorn,Colby College,Mules,Damien Strahorn,20,7,5,5,2163,2025,404,893,200,152,86,308,390,717,1668,288,795,303,416
94,William,Gordon,33,HAM,Forward,Senior,Houston (TX),United States of America,79,23,34,22,10,32,14,2,4,12,29,8,18,0,0,6,8,0,0,0,0,0,0,0,0,0,0,0,0.00,14,7,14,0.000,4,1,3,0,0,0,0,0,0,0.000,1,2,0,0,0.000,0,0,0,0,6,3,1,3,3,0,0,3,5,6,2,3,0.667,8,7,3,6,3,4,1.333,2,3,16,20,7,12,3,5,16,10,4,12,Hamilton College,Continentals,Adam Stockwell,Hamilton College,Continentals,Adam Stockwell,20,9,7,3,2349,2092,395,1022,279,148,115,342,497,757,1772,210,655,368,508
81,Andrew,Hartel,40,CON,Center,Sophomore,Cape Elizabeth (ME),United States of America,81,25,234,183,21,91,22,9,14,41,44,68,161,1,1,46,66,2,0,0,1,0,0,2,1,3,1,1,0.50,107,54,113,0.056,35,12,24,7,1,2,3,3,6,2.000,3,0,0,2,0.000,0,0,0,0,112,91,37,86,11,10,4,6,8,8,3,4,0.750,45,34,12,32,19,16,0.842,6,17,31,24,8,30,6,14,15,10,5,14,Connecticut College,Camels,Tim Sweeney,Connecticut College,Camels,Tim Sweeney,14,11,5,5,1881,1588,294,782,200,194,83,261,337,621,1483,147,504,199,321
89,Graham,Robinson,13,HAM,Forward,Sophomore,Concord (MA),United States of America,81,22,51,25,4,24,7,7,7,9,20,10,42,3,28,2,3,2,1,2,2,1,2,27,2,8,2,26,0.96,6,4,8,0.000,2,0,0,1,1,2,1,1,2,2.000,0,0,0,0,0.000,2,2,1,2,2,0,0,1,5,2,1,5,10,11,4,10,0.400,6,4,2,5,1,0,0.000,0,1,28,31,10,22,4,13,15,18,7,12,Hamilton College,Continentals,Adam Stockwell,Hamilton College,Continentals,Adam Stockwell,20,9,7,3,2349,2092,395,1022,279,148,115,342,497,757,1772,210,655,368,508
62,Henry,Westrich,23,COL,Guard,Junior,Glenburn (ME),United States of America,77,15,20,13,1,18,11,5,3,2,8,4,16,0,3,5,5,1,0,0,0,0,0,3,0,0,0,3,1.00,9,4,9,0.111,2,0,0,0,0,0,0,0,0,0.000,0,0,0,0,0.000,1,0,0,1,2,2,0,1,2,2,0,1,4,2,1,4,0.250,1,2,1,1,3,5,1.667,2,3,15,20,8,14,4,8,15,25,10,12,Colby College,Mules,Damien Strahorn,Colby College,Mules,Damien Strahorn,20,7,5,5,2163,2025,404,893,200,152,86,308,390,717,1668,288,795,303,416
28,Grant,Nadeau,15,BAT,Guard,Sophomore,Gorham (ME),United States of America,78,17,73,62,9,24,5,9,2,24,18,19,42,12,25,12,14,1,0,0,0,0,0,19,8,24,8,19,1.00,9,4,8,0.000,1,1,2,6,2,4,0,0,0,0.000,9,4,0,3,0.000,2,0,0,0,0,0,0,0,0,0,0,0,19,19,6,12,0.500,2,2,1,2,2,2,1.000,0,1,27,26,9,23,6,15,14,18,9,13,Bates College,Bobcats,Jon Furbush,Bates College,Bobcats,Jon Furbush,7,17,1,9,2006,1650,293,784,172,160,76,345,428,616,1975,203,619,216,327
32,Chiwer,Mayen,24,BAT,Center,Freshman,Lewiston (ME),United States of America,81,10,17,11,3,21,9,0,1,4,14,5,10,0,0,1,5,0,0,0,1,0,0,1,0,0,0,0,0.00,9,5,10,0.000,0,0,0,0,0,0,5,3,6,1.200,0,0,0,0,0.000,0,0,0,0,2,0,0,0,1,2,1,1,0,0,0,0,0.000,1,0,0,1,9,9,1.000,4,7,18,8,3,15,1,7,14,13,4,10,Bates College,Bobcats,Jon Furbush,Bates College,Bobcats,Jon Furbush,7,17,1,9,2006,1650,293,784,172,160,76,345,428,616,1975,203,619,216,327
31,Aazayah,Ross,23,BAT,Guard,Freshman,Freeport (NY),United States of America,73,5,18,5,1,12,1,3,0,6,4,2,10,0,5,1,3,0,0,0,1,0,0,5,0,0,0,5,1.00,4,2,4,0.000,0,0,0,0,0,0,0,0,0,0.000,0,0,0,0,0.000,0,0,0,0,0,0,0,0,0,0,0,0,3,2,1,2,0.500,0,0,0,0,1,0,0.000,0,0,16,4,2,11,0,6,13,10,4,11,Bates College,Bobcats,Jon Furbush,Bates College,Bobcats,Jon Furbush,7,17,1,9,2006,1650,293,784,172,160,76,345,428,616,1975,203,619,216,327
99,Nash,Goldman,4,MID,Guard,Senior,Scarsdale (NY),United States of America,72,22,95,82,12,29,3,10,0,11,21,27,79,21,64,7,10,4,1,2,6,2,4,47,14,42,14,47,1.00,2,2,5,0.500,0,0,0,3,1,2,0,0,0,0.000,2,5,2,2,1.250,8,5,1,6,0,0,0,0,0,0,0,0,12,14,5,10,0.500,1,3,1,1,1,2,2.000,1,1,43,30,11,29,5,15,12,12,5,8,Middlebury College,Panthers,Jeff Brown,Middlebury College,Panthers,Jeff Brown,20,6,7,3,2206,1866,327,1057,317,151,131,351,387,678,1624,155,494,355,500
134,James,Morakis,2,TUF,Guard,Freshman,Dallas (TX),United States of America,76,25,108,108,24,51,7,9,1,26,19,34,72,3,7,9,18,7,4,8,2,0,0,6,2,6,2,6,1.00,50,25,50,0.000,0,0,0,3,1,2,0,0,0,0.000,10,10,5,7,0.714,16,13,5,10,2,0,0,1,0,0,0,0,33,24,9,19,0.474,2,0,0,2,5,6,1.200,3,5,37,26,9,30,2,9,12,6,3,12,Tufts University,Jumbos,Brandon Linton,Tufts University,Jumbos,Brandon Linton,20,8,6,4,2274,2370,465,1009,245,190,87,368,459,804,1751,219,637,284,424
151,Nakial,Cross,2,WES,Guard,Sophomore,San Diego (CA),United States of America,78,8,51,37,3,18,7,1,1,12,13,16,37,3,12,2,4,1,0,0,1,0,0,12,3,9,3,12,1.00,20,13,27,0.050,0,0,0,1,0,0,2,2,4,2.000,0,0,0,0,0.000,0,0,0,0,0,0,0,0,0,0,0,0,11,9,4,6,0.667,5,4,2,4,8,8,1.000,4,7,26,20,8,22,3,9,12,8,4,10,Wesleyan University (CT),Cardinals,Joe Reilly,Wesleyan University (CT),Cardinals,Joe Reilly,16,10,7,3,2102,1851,392,922,237,153,61,285,325,691,1632,190,618,279,404
78,Ben,Rice,23,CON,Guard,Junior,Hanson (MA),United States of America,80,25,143,111,17,117,22,25,10,21,38,41,114,18,76,11,17,1,0,0,3,1,2,77,19,56,18,74,0.96,32,20,40,0.000,2,1,2,1,1,3,5,5,10,2.000,0,0,0,0,0.000,1,0,0,1,2,2,1,1,3,3,1,3,31,22,9,24,0.375,13,18,8,10,11,10,0.909,4,7,62,55,18,53,13,35,11,7,3,10,Connecticut College,Camels,Tim Sweeney,Connecticut College,Camels,Tim Sweeney,14,11,5,5,1881,1588,294,782,200,194,83,261,337,621,1483,147,504,199,321
157,Sam,Pohlman,12,WES,Guard,Freshman,New York (NY),United States of America,74,12,58,38,11,25,7,7,0,15,11,14,35,0,7,10,16,3,0,0,0,0,0,7,0,0,0,7,1.00,25,14,28,0.040,0,0,0,0,0,0,0,0,0,0.000,2,2,1,2,0.500,5,2,1,2,0,0,0,0,0,0,0,0,13,7,2,8,0.250,12,19,7,9,3,4,1.333,2,3,18,14,4,11,2,3,11,6,3,11,Wesleyan University (CT),Cardinals,Joe Reilly,Wesleyan University (CT),Cardinals,Joe Reilly,16,10,7,3,2102,1851,392,922,237,153,61,285,325,691,1632,190,618,279,404
4,Mohammed,Alausa,5,AMH,Guard,Junior,Chicago (IL),United States of America,76,12,82,58,7,31,4,4,3,15,20,19,54,8,22,12,24,3,1,2,1,0,0,19,7,21,7,19,1.00,28,10,20,0.000,0,0,0,0,0,0,0,0,0,0.000,5,4,1,2,0.500,12,9,4,8,0,0,0,0,0,0,0,0,11,10,2,6,0.333,3,1,0,2,3,1,0.333,0,1,50,38,15,45,7,24,10,12,4,8,Amherst College,Mammoths,Marlon Sears,Amherst College,Mammoths,Marlon Sears,10,14,4,6,1848,1414,271,872,216,113,98,343,377,523,1349,158,519,210,335
115,Sean,Okpoebo,0,TRI,Guard,Junior,Leominster (MA),United States of America,75,9,24,23,4,7,2,3,0,4,19,8,19,4,10,3,3,0,0,0,2,1,2,10,4,12,4,10,1.00,6,2,5,0.167,0,0,0,1,1,2,1,0,0,0.000,0,0,0,0,0.000,1,2,1,1,0,0,0,0,0,0,0,0,5,3,1,4,0.250,5,7,2,3,1,0,0.000,0,1,19,15,4,14,3,12,10,5,1,7,Trinity College (CT),Bantams,James Cosgrove,Trinity College (CT),Bantams,James Cosgrove,17,9,4,6,2101,1843,365,907,253,138,55,282,361,689,1633,191,596,271,413
176,Noah,Dinkins,14,WIL,Forward,Sophomore,Chapel Hill (NC),United States of America,76,16,28,28,4,8,0,2,0,6,12,6,15,1,3,7,13,0,0,0,0,0,0,3,1,3,1,3,1.00,12,5,10,0.000,0,0,0,0,0,0,0,0,0,0.000,0,0,0,0,0.000,1,2,1,1,2,1,0,1,0,0,0,0,3,0,0,1,0.000,1,1,0,0,0,0,0.000,0,0,12,6,2,10,2,4,10,6,2,9,Williams College,Ephs,Kevin App,Williams College,Ephs,Kevin App,24,5,7,3,2018,2117,369,885,121,152,127,303,341,713,1492,244,611,345,479
68,Cam,Schainfeld,0,CON,Guard,Sophomore,Newton (MA),United States of America,74,20,290,239,64,65,14,23,3,35,27,96,240,16,58,31,40,77,32,65,23,5,10,40,11,33,11,39,0.98,63,35,76,0.111,3,2,4,9,2,4,0,0,0,0.000,15,12,5,13,0.385,115,86,36,92,7,8,4,7,0,0,0,0,42,43,19,32,0.594,1,2,1,1,8,11,1.375,5,8,152,114,39,127,34,102,8,0,0,8,Connecticut College,Camels,Tim Sweeney,Connecticut College,Camels,Tim Sweeney,14,11,5,5,1881,1588,294,782,200,194,83,261,337,621,1483,147,504,199,321
72,R.J.,Casey,5,CON,Guard,Freshman,Nashville (TN),United States of America,70,24,156,113,26,22,3,13,0,21,17,38,127,18,68,19,24,20,8,16,10,4,8,61,20,58,18,59,0.97,22,7,15,0.045,0,0,0,6,0,0,0,0,0,0.000,7,0,0,3,0.000,24,14,6,18,0,0,0,0,1,0,0,1,26,22,8,22,0.364,1,2,1,1,1,0,0.000,0,1,113,97,35,101,26,74,8,5,1,7,Connecticut College,Camels,Tim Sweeney,Connecticut College,Camels,Tim Sweeney,14,11,5,5,1881,1588,294,782,200,194,83,261,337,621,1483,147,504,199,321
181,Ben,McGraw,24,WIL,Guard,Freshman,Jacksonville (FL),United States of America,76,17,45,45,3,8,2,2,1,7,8,13,36,9,29,4,5,0,0,0,0,0,0,28,9,27,9,28,1.00,7,4,8,0.000,0,0,0,0,0,0,0,0,0,0.000,0,0,0,0,0.000,1,0,0,1,0,0,0,0,0,0,0,0,6,3,1,5,0.200,2,3,1,1,1,0,0.000,0,1,29,24,9,27,4,14,8,6,3,8,Williams College,Ephs,Kevin App,Williams College,Ephs,Kevin App,24,5,7,3,2018,2117,369,885,121,152,127,303,341,713,1492,244,611,345,479
5,Drew,Martin,12,AMH,Forward,Freshman,West Roxbury (MA),United States of America,80,19,47,38,9,39,8,2,6,14,7,13,28,4,10,8,10,4,2,4,3,0,0,10,5,14,4,9,0.90,6,5,10,0.000,1,0,0,2,1,2,1,1,2,2.000,0,0,0,0,0.000,2,0,0,1,0,0,0,0,0,0,0,0,7,6,2,5,0.400,6,8,4,5,4,4,1.000,0,1,26,23,8,22,4,12,8,8,4,8,Amherst College,Mammoths,Marlon Sears,Amherst College,Mammoths,Marlon Sears,10,14,4,6,1848,1414,271,872,216,113,98,343,377,523,1349,158,519,210,335
109,Charley,Moore,23,MID,Guard,Junior,San Francisco (CA),United States of America,76,25,67,49,5,35,17,4,1,12,9,22,51,1,7,4,9,1,1,2,0,0,0,7,1,3,1,7,1.00,40,19,39,0.025,1,1,2,2,0,0,1,1,2,2.000,0,0,0,0,0.000,3,2,1,3,3,2,1,3,0,0,0,0,17,17,8,13,0.615,11,10,5,9,7,7,1.000,3,6,16,12,4,12,2,7,8,6,3,7,Middlebury College,Panthers,Jeff Brown,Middlebury College,Panthers,Jeff Brown,20,6,7,3,2206,1866,327,1057,317,151,131,351,387,678,1624,155,494,355,500
80,Ryan,Banks,33,CON,Forward,Sophomore,Bracknell,England,76,25,56,32,24,72,16,21,2,16,39,11,36,7,26,3,7,1,0,0,1,0,0,25,7,21,7,24,0.96,7,4,8,0.000,0,0,0,1,0,0,0,0,0,0.000,0,0,0,0,0.000,0,0,0,0,1,0,0,0,1,0,0,1,8,3,1,5,0.200,4,4,2,4,6,4,0.667,2,4,58,48,15,47,13,33,7,2,1,6,Connecticut College,Camels,Tim Sweeney,Connecticut College,Camels,Tim Sweeney,14,11,5,5,1881,1588,294,782,200,194,83,261,337,621,1483,147,504,199,321
1,Yaseen,Zarroug,1,AMH,Guard,Senior,Abu Dhabi,United Arab Emirates,76,9,22,10,3,12,5,5,1,6,7,4,15,1,5,1,2,1,0,0,2,1,2,5,1,3,1,5,1.00,7,2,4,0.000,0,0,0,0,0,0,0,0,0,0.000,0,0,0,0,0.000,2,2,1,1,0,0,0,0,0,0,0,0,5,3,1,3,0.333,0,0,0,0,2,0,0.000,0,2,12,6,2,10,1,4,7,6,3,5,Amherst College,Mammoths,Marlon Sears,Amherst College,Mammoths,Marlon Sears,10,14,4,6,1848,1414,271,872,216,113,98,343,377,523,1349,158,519,210,335
13,Will,Phelan,30,AMH,Guard,Senior,Quincy (MA),United States of America,76,12,37,27,7,20,5,3,0,5,14,7,26,5,18,8,11,0,0,0,1,0,0,19,5,15,5,18,0.95,5,1,2,0.000,0,0,0,2,1,2,0,0,0,0.000,1,2,1,1,1.000,4,2,1,3,0,0,0,0,1,3,1,1,5,3,1,3,0.333,0,0,0,0,0,0,0.000,0,0,19,10,4,16,2,9,6,4,2,6,Amherst College,Mammoths,Marlon Sears,Amherst College,Mammoths,Marlon Sears,10,14,4,6,1848,1414,271,872,216,113,98,343,377,523,1349,158,519,210,335
169,Ryan,Moon,2,WIL,Guard,Senior,Greensboro (NC),United States of America,71,13,13,13,5,5,2,1,0,3,2,6,9,0,1,1,3,0,0,0,0,0,0,5,3,9,3,5,1.00,2,0,0,0.000,0,0,0,0,0,0,0,0,0,0.000,0,0,0,0,0.000,3,4,0,0,0,0,0,0,0,0,0,0,4,4,1,3,0.333,0,0,0,0,0,0,0.000,0,0,13,7,3,12,1,3,6,6,2,5,Williams College,Ephs,Kevin App,Williams College,Ephs,Kevin App,24,5,7,3,2018,2117,369,885,121,152,127,303,341,713,1492,244,611,345,479
114,Peter,Carlson,41,MID,Forward,Senior,Cedaridge (CO),United States of America,79,9,14,6,3,8,3,0,3,7,4,3,7,0,0,0,0,0,0,0,0,0,0,0,0,0,0,0,0.00,6,3,6,0.000,1,0,0,0,0,0,0,0,0,0.000,0,0,0,0,0.000,0,0,0,0,2,0,0,0,0,0,0,0,2,2,1,2,0.500,6,2,1,3,2,2,1.000,1,2,11,7,2,10,1,5,6,2,1,6,Middlebury College,Panthers,Jeff Brown,Middlebury College,Panthers,Jeff Brown,20,6,7,3,2206,1866,327,1057,317,151,131,351,387,678,1624,155,494,355,500
24,David,Omasombo,11,BAT,Guard,Freshman,Lewiston (ME),United States of America,69,9,39,32,10,5,0,0,0,5,8,12,34,8,20,0,0,2,0,0,1,0,0,11,7,21,7,11,1.00,8,4,8,0.000,0,0,0,3,0,0,0,0,0,0.000,2,0,0,1,0.000,9,5,2,9,0,0,0,0,0,0,0,0,7,8,3,6,0.500,2,2,1,2,0,0,0.000,0,0,19,24,8,16,4,9,5,4,2,5,Bates College,Bobcats,Jon Furbush,Bates College,Bobcats,Jon Furbush,7,17,1,9,2006,1650,293,784,172,160,76,345,428,616,1975,203,619,216,327
67,Clay,Bolster,55,COL,Guard,Junior,New York (NY),United States of America,72,13,4,1,4,3,1,1,0,1,8,0,2,0,1,1,2,0,0,0,0,0,0,1,0,0,0,1,1.00,1,0,0,0.000,0,0,0,0,0,0,0,0,0,0.000,0,0,0,0,0.000,0,0,0,0,0,0,0,0,0,0,0,0,0,0,0,0,0.000,0,0,0,0,0,0,0.000,0,0,10,12,4,10,4,5,5,4,2,5,Colby College,Mules,Damien Strahorn,Colby College,Mules,Damien Strahorn,20,7,5,5,2163,2025,404,893,200,152,86,308,390,717,1668,288,795,303,416
70,Billy,Whelan,2,CON,Guard,Junior,Hamilton (MA),United States of America,70,25,154,146,31,42,3,15,0,17,18,46,132,44,122,10,13,0,0,0,1,1,2,111,41,123,41,111,1.00,1,0,0,0.000,0,0,0,7,1,2,0,0,0,0.000,0,0,0,0,0.000,5,6,2,4,0,0,0,0,0,0,0,0,18,10,3,16,0.188,1,0,0,1,0,0,0.000,0,0,174,149,53,153,36,109,4,2,1,4,Connecticut College,Camels,Tim Sweeney,Connecticut College,Camels,Tim Sweeney,14,11,5,5,1881,1588,294,782,200,194,83,261,337,621,1483,147,504,199,321
76,Elias,Espinosa,14,CON,Forward,Freshman,Ridgefield Park (NJ),United States of America,76,24,163,138,24,55,6,12,2,14,32,47,140,32,108,12,18,9,1,2,6,2,4,93,29,87,29,92,0.99,16,11,23,0.063,0,0,0,0,0,0,1,1,2,2.000,5,7,3,5,0.700,17,12,5,13,0,0,0,0,0,0,0,0,24,22,8,22,0.364,2,2,1,2,1,0,0.000,0,0,86,53,20,74,12,53,4,2,1,4,Connecticut College,Camels,Tim Sweeney,Connecticut College,Camels,Tim Sweeney,14,11,5,5,1881,1588,294,782,200,194,83,261,337,621,1483,147,504,199,321
140,Jay,Dieterle,13,TUF,Guard,Junior,Franklin (MA),United States of America,76,18,81,81,23,24,2,7,0,11,14,26,69,11,37,2,2,3,2,4,1,0,0,33,10,30,10,33,1.00,24,12,24,0.000,0,0,0,3,1,2,0,0,0,0.000,2,0,0,1,0.000,5,0,0,4,1,0,0,1,0,0,0,0,25,25,11,22,0.500,3,6,3,3,0,0,0.000,0,0,22,14,4,18,2,10,4,4,2,4,Tufts University,Jumbos,Brandon Linton,Tufts University,Jumbos,Brandon Linton,20,8,6,4,2274,2370,465,1009,245,190,87,368,459,804,1751,219,637,284,424
111,Thomas,Zodda,25,MID,Forward,Senior,New City (NY),United States of America,78,9,11,10,1,10,3,0,0,1,7,5,9,0,0,0,1,0,0,0,0,0,0,0,0,0,0,0,0.00,7,4,8,0.000,1,0,0,0,0,0,0,0,0,0.000,0,0,0,0,0.000,0,0,0,0,2,4,2,2,0,0,0,0,1,0,0,0,0.000,5,4,2,5,2,2,1.000,1,2,3,2,0,2,0,1,4,6,2,2,Middlebury College,Panthers,Jeff Brown,Middlebury College,Panthers,Jeff Brown,20,6,7,3,2206,1866,327,1057,317,151,131,351,387,678,1624,155,494,355,500
133,Quinn,Cain,1,TUF,Guard,Sophomore,Hinsdale (IL),United States of America,76,10,22,22,3,13,3,2,0,0,7,11,22,8,17,0,0,1,0,0,0,0,0,14,6,18,6,14,1.00,4,3,6,0.000,0,0,0,0,0,0,0,0,0,0.000,0,0,0,0,0.000,1,3,1,1,0,0,0,0,0,0,0,0,5,8,3,5,0.600,2,2,1,2,0,0,0.000,0,0,14,18,7,14,4,7,3,4,2,3,Tufts University,Jumbos,Brandon Linton,Tufts University,Jumbos,Brandon Linton,20,8,6,4,2274,2370,465,1009,245,190,87,368,459,804,1751,219,637,284,424
123,Andrew,Lazarre,13,TRI,Guard,Freshman,West Haven (CT),United States of America,73,19,31,14,7,17,7,1,0,3,10,5,25,1,13,3,6,2,0,0,0,0,0,13,1,3,1,13,1.00,6,3,6,0.000,0,0,0,4,1,2,0,0,0,0.000,0,0,0,0,0.000,5,4,1,4,0,0,0,0,0,0,0,0,10,6,3,9,0.333,0,0,0,0,2,0,0.000,0,0,13,8,3,11,2,5,3,2,1,2,Trinity College (CT),Bantams,James Cosgrove,Trinity College (CT),Bantams,James Cosgrove,17,9,4,6,2101,1843,365,907,253,138,55,282,361,689,1633,191,596,271,413
84,Christian,McDaniel,3,HAM,Guard,Junior,Mitchellville (MD),United States of America,75,15,25,12,1,9,3,3,2,5,14,3,14,0,3,6,13,0,0,0,0,0,0,3,0,0,0,3,1.00,9,3,6,0.111,3,1,3,2,0,0,0,0,0,0.000,0,0,0,0,0.000,0,0,0,0,0,0,0,0,0,0,0,0,5,2,0,2,0.000,3,4,2,3,3,2,0.667,1,3,13,11,4,8,2,6,3,4,2,2,Hamilton College,Continentals,Adam Stockwell,Hamilton College,Continentals,Adam Stockwell,20,9,7,3,2349,2092,395,1022,279,148,115,342,497,757,1772,210,655,368,508
145,Kris,Bortz,24,TUF,Forward,Senior,Alamo (CA),United States of America,80,11,20,20,5,17,4,2,1,5,14,8,14,0,0,1,2,0,0,0,0,0,0,0,0,0,0,0,0.00,12,8,16,0.000,1,0,0,1,0,0,1,1,2,2.000,0,0,0,0,0.000,0,0,0,0,2,0,0,1,2,2,1,1,5,5,2,3,0.667,6,6,3,6,3,4,1.333,2,3,9,5,2,9,1,5,3,4,2,3,Tufts University,Jumbos,Brandon Linton,Tufts University,Jumbos,Brandon Linton,20,8,6,4,2274,2370,465,1009,245,190,87,368,459,804,1751,219,637,284,424
74,Alex,Mitchell,12,CON,Forward,Sophomore,Roxbury (MA),United States of America,76,5,6,6,0,7,2,1,0,1,6,2,4,1,1,1,2,1,0,0,0,0,0,1,1,3,1,1,1.00,8,1,2,0.000,0,0,0,1,1,2,0,0,0,0.000,0,0,0,0,0.000,0,0,0,0,0,0,0,0,0,0,0,0,1,2,1,1,1.000,2,0,0,1,1,0,0.000,0,1,8,14,5,7,4,5,3,2,1,2,Connecticut College,Camels,Tim Sweeney,Connecticut College,Camels,Tim Sweeney,14,11,5,5,1881,1588,294,782,200,194,83,261,337,621,1483,147,504,199,321
23,Lincoln,Rybeck,10,BAT,Guard,Sophomore,South Glastonbury (CT),United States of America,74,7,25,10,5,11,1,2,1,6,5,2,15,0,4,6,8,4,1,2,0,0,0,4,0,0,0,4,1.00,6,0,0,0.000,0,0,0,1,1,2,0,0,0,0.000,1,0,0,1,0.000,7,4,1,3,0,0,0,0,0,0,0,0,7,4,0,2,0.000,0,0,0,0,0,0,0.000,0,0,7,6,3,7,0,4,3,4,2,2,Bates College,Bobcats,Jon Furbush,Bates College,Bobcats,Jon Furbush,7,17,1,9,2006,1650,293,784,172,160,76,345,428,616,1975,203,619,216,327
101,Lamine,Cisse,10,MID,Guard,Junior,New York (NY),United States of America,76,10,26,17,0,3,0,2,0,8,6,5,13,0,2,7,9,0,0,0,0,0,0,2,0,0,0,2,1.00,10,5,10,0.000,1,0,0,0,0,0,0,0,0,0.000,0,0,0,0,0.000,0,0,0,0,0,0,0,0,0,0,0,0,5,2,0,3,0.000,4,4,2,4,0,0,0.000,0,0,7,5,2,7,1,4,3,2,1,3,Middlebury College,Panthers,Jeff Brown,Middlebury College,Panthers,Jeff Brown,20,6,7,3,2206,1866,327,1057,317,151,131,351,387,678,1624,155,494,355,500
168,David,"Elien, Jr.",1,WIL,Center,Senior,Chapel Hill (NC),United States of America,83,0,9,9,1,9,1,1,1,1,2,3,6,0,0,2,4,0,0,0,0,0,0,0,0,0,0,0,0.00,4,2,4,0.000,1,0,0,0,0,0,1,1,2,2.000,0,0,0,0,0.000,0,0,0,0,2,2,1,1,3,0,0,3,0,0,0,0,0.000,3,4,2,2,0,0,0.000,0,0,5,6,2,5,2,2,3,0,0,3,Williams College,Ephs,Kevin App,Williams College,Ephs,Kevin App,24,5,7,3,2018,2117,369,885,121,152,127,303,341,713,1492,244,611,345,479
162,Alex,Justh,22,WES,Guard,Freshman,Brooklyn (NY),United States of America,76,4,6,4,0,6,2,0,0,0,2,1,5,1,4,1,2,1,0,0,0,0,0,3,0,0,0,3,1.00,0,0,0,0.000,0,0,0,0,0,0,0,0,0,0.000,0,0,0,0,0.000,0,0,0,0,0,0,0,0,0,0,0,0,2,3,1,2,0.500,0,0,0,0,1,1,1.000,0,0,4,3,1,3,0,0,3,3,1,3,Wesleyan University (CT),Cardinals,Joe Reilly,Wesleyan University (CT),Cardinals,Joe Reilly,16,10,7,3,2102,1851,392,922,237,153,61,285,325,691,1632,190,618,279,404
9,Beluolisah,Oranye,21,AMH,Center,Senior,Baltimore (MD),United States of America,77,6,32,28,4,15,5,3,1,5,7,13,24,0,1,2,5,1,1,2,2,1,2,1,0,0,0,0,0.00,15,11,22,0.000,1,0,0,0,0,0,3,2,4,1.333,0,0,0,0,0.000,0,0,0,0,5,4,2,5,2,4,2,2,6,6,3,6,0.500,10,9,4,7,2,2,1.000,1,2,3,3,1,3,1,3,3,1,0,2,Amherst College,Mammoths,Marlon Sears,Amherst College,Mammoths,Marlon Sears,10,14,4,6,1848,1414,271,872,216,113,98,343,377,523,1349,158,519,210,335
130,Dane,Moran,33,TRI,Forward,Freshman,Rumson (NJ),United States of America,81,10,17,8,0,12,4,1,0,5,5,4,11,0,5,0,2,0,0,0,0,0,0,5,0,0,0,5,1.00,5,3,6,0.000,1,2,2,0,0,0,0,0,0,0.000,0,0,0,0,0.000,0,0,0,0,2,0,0,0,0,0,0,0,3,2,1,3,0.333,2,4,2,2,3,2,0.667,1,2,1,0,0,0,0,0,3,0,0,0,Trinity College (CT),Bantams,James Cosgrove,Trinity College (CT),Bantams,James Cosgrove,17,9,4,6,2101,1843,365,907,253,138,55,282,361,689,1633,191,596,271,413
69,Jarron,Flynn,1,CON,Guard,Junior,Roslindale (MA),United States of America,75,23,223,200,33,108,28,33,12,26,36,85,170,1,12,29,64,1,1,2,2,0,0,10,1,3,1,10,1.00,152,83,170,0.079,1,0,0,2,0,0,1,1,2,2.000,7,6,2,5,0.400,14,16,7,13,10,4,1,6,0,0,0,0,68,72,31,51,0.608,41,52,22,35,12,6,0.500,3,8,89,93,31,79,26,58,2,4,2,2,Connecticut College,Camels,Tim Sweeney,Connecticut College,Camels,Tim Sweeney,14,11,5,5,1881,1588,294,782,200,194,83,261,337,621,1483,147,504,199,321
91,Cooper,Xu,21,HAM,Guard,Sophomore,Beijing,China,73,11,13,9,3,4,1,2,0,5,1,3,8,2,5,1,1,1,0,0,0,0,0,5,2,7,2,5,1.00,1,0,0,0.000,0,0,0,1,1,2,0,0,0,0.000,0,0,0,0,0.000,0,0,0,0,0,0,0,0,0,0,0,0,0,0,0,0,0.000,0,0,0,0,1,0,0.000,0,1,9,11,4,9,3,4,2,2,1,2,Hamilton College,Continentals,Adam Stockwell,Hamilton College,Continentals,Adam Stockwell,20,9,7,3,2349,2092,395,1022,279,148,115,342,497,757,1772,210,655,368,508
117,Ethan,Yetman,2,TRI,Guard,Sophomore,Sydney,Australia,74,6,8,8,1,4,0,1,0,2,1,3,5,0,0,0,1,0,0,0,0,0,0,0,0,0,0,0,0.00,2,2,4,0.000,0,0,0,3,1,2,0,0,0,0.000,0,0,0,0,0.000,0,0,0,0,0,0,0,0,0,0,0,0,4,4,2,4,0.500,2,2,1,1,0,0,0.000,0,0,6,10,4,5,2,2,2,4,2,2,Trinity College (CT),Bantams,James Cosgrove,Trinity College (CT),Bantams,James Cosgrove,17,9,4,6,2101,1843,365,907,253,138,55,282,361,689,1633,191,596,271,413
41,Caleb,Cost,13,BOW,Guard,Graduate,Brunswick (ME),United States of America,75,5,8,2,2,6,0,0,0,4,2,1,4,0,1,0,0,0,0,0,0,0,0,1,0,0,0,1,1.00,3,1,2,0.000,0,0,0,0,0,0,0,0,0,0.000,0,0,0,0,0.000,1,0,0,0,0,0,0,0,0,0,0,0,1,0,0,1,0.000,1,2,1,1,0,0,0.000,0,0,5,5,1,3,1,1,2,0,0,2,Bowdoin College,Polar Bears,Alex Lloyd,Bowdoin College,Polar Bears,Alex Lloyd,10,14,2,8,1995,1595,291,842,190,162,44,342,372,599,1481,163,516,233,366
95,Brendan,Gagan,44,HAM,Center,Junior,Slingerlands (NY),United States of America,79,9,9,6,1,1,1,0,1,1,0,2,7,0,0,2,2,1,0,0,0,0,0,1,0,0,0,0,0.00,4,2,4,0.000,2,0,0,0,0,0,0,0,0,0.000,0,0,0,0,0.000,0,0,0,0,2,0,0,1,1,0,0,1,0,0,0,0,0.000,3,4,1,2,2,2,1.000,1,2,4,3,1,4,1,1,2,0,0,2,Hamilton College,Continentals,Adam Stockwell,Hamilton College,Continentals,Adam Stockwell,20,9,7,3,2349,2092,395,1022,279,148,115,342,497,757,1772,210,655,368,508
77,Kevin,Baxter,22,CON,Guard,Sophomore,Branford (CT),United States of America,76,6,11,9,2,3,1,0,1,3,1,3,8,3,7,0,0,0,0,0,1,0,0,5,3,9,3,5,1.00,0,0,0,0.000,0,0,0,0,0,0,0,0,0,0.000,0,0,0,0,0.000,0,0,0,0,0,0,0,0,0,0,0,0,1,3,1,1,1.000,0,0,0,0,1,0,0.000,0,1,3,3,1,3,1,3,2,0,0,1,Connecticut College,Camels,Tim Sweeney,Connecticut College,Camels,Tim Sweeney,14,11,5,5,1881,1588,294,782,200,194,83,261,337,621,1483,147,504,199,321
155,Olu,Oladitan,10,WES,Forward,Junior,Brooklyn (NY),United States of America,80,3,3,0,0,0,0,0,0,2,0,0,0,0,0,0,2,0,0,0,0,0,0,0,0,0,0,0,0.00,0,0,0,0.000,0,0,0,0,0,0,0,0,0,0.000,0,0,0,0,0.000,0,0,0,0,1,0,0,0,0,0,0,0,1,0,0,0,0.000,1,0,0,0,0,0,0.000,0,0,1,2,1,1,0,0,2,2,1,2,Wesleyan University (CT),Cardinals,Joe Reilly,Wesleyan University (CT),Cardinals,Joe Reilly,16,10,7,3,2102,1851,392,922,237,153,61,285,325,691,1632,190,618,279,404
135,Sidney,Wooten,3,TUF,Guard,Freshman,Phoenix (AZ),United States of America,72,6,16,16,1,5,0,2,1,2,1,5,14,1,6,0,0,1,1,2,1,0,0,4,1,3,1,4,1.00,6,3,6,0.000,0,0,0,0,0,0,0,0,0,0.000,1,0,0,1,0.000,2,0,0,2,0,0,0,0,0,0,0,0,5,6,3,5,0.600,1,0,0,1,0,0,0.000,0,0,8,4,1,4,1,2,1,0,0,1,Tufts University,Jumbos,Brandon Linton,Tufts University,Jumbos,Brandon Linton,20,8,6,4,2274,2370,465,1009,245,190,87,368,459,804,1751,219,637,284,424
183,Sammy,Cooley,32,WIL,Forward,Freshman,Reston (VA),United States of America,76,9,13,13,5,8,0,4,2,0,3,3,7,3,5,8,12,0,0,0,0,0,0,1,0,0,0,1,1.00,8,6,13,0.125,0,0,0,0,0,0,0,0,0,0.000,0,0,0,0,0.000,4,7,3,4,0,0,0,0,0,0,0,0,1,2,1,1,1.000,2,2,1,1,2,2,1.000,1,1,5,6,2,4,2,2,1,3,0,0,Williams College,Ephs,Kevin App,Williams College,Ephs,Kevin App,24,5,7,3,2018,2117,369,885,121,152,127,303,341,713,1492,244,611,345,479
79,Cameron,Lewis,25,CON,Guard,Sophomore,Chicago (IL),United States of America,70,5,12,12,1,4,2,2,1,1,3,5,11,2,6,0,1,0,0,0,0,0,0,6,2,6,2,6,1.00,4,3,6,0.250,0,0,0,0,0,0,0,0,0,0.000,0,0,0,0,0.000,1,0,0,1,0,0,0,0,0,0,0,0,3,5,2,3,0.667,2,2,1,2,1,2,2.000,1,1,5,2,0,4,0,2,1,0,0,1,Connecticut College,Camels,Tim Sweeney,Connecticut College,Camels,Tim Sweeney,14,11,5,5,1881,1588,294,782,200,194,83,261,337,621,1483,147,504,199,321
100,Oliver,Urena,5,MID,Guard,Freshman,Cresskill (NJ),United States of America,76,4,8,6,1,1,1,1,0,1,1,2,6,1,1,1,2,0,0,0,0,0,0,1,1,3,1,1,1.00,3,1,2,0.000,0,0,0,0,0,0,0,0,0,0.000,0,0,0,0,0.000,0,0,0,0,0,0,0,0,0,0,0,0,3,5,2,2,1.000,1,0,0,1,1,1,1.000,0,0,5,3,1,3,1,3,1,2,1,1,Middlebury College,Panthers,Jeff Brown,Middlebury College,Panthers,Jeff Brown,20,6,7,3,2206,1866,327,1057,317,151,131,351,387,678,1624,155,494,355,500
120,Alex,Douglas,5,TRI,Guard,Sophomore,Glen Cove (NY),United States of America,73,9,13,11,0,6,3,0,0,1,3,2,7,0,3,7,10,1,1,2,0,0,0,3,0,0,0,3,1.00,4,2,4,0.000,0,0,0,0,0,0,0,0,0,0.000,1,0,0,1,0.000,1,0,0,0,0,0,0,0,0,0,0,0,3,4,1,2,0.500,0,0,0,0,2,2,1.000,1,2,4,0,0,2,0,2,1,2,0,0,Trinity College (CT),Bantams,James Cosgrove,Trinity College (CT),Bantams,James Cosgrove,17,9,4,6,2101,1843,365,907,253,138,55,282,361,689,1633,191,596,271,413
105,Tristan,Joseph,14,MID,Guard,Freshman,Norwalk (CT),United States of America,74,6,13,7,2,4,1,5,0,2,2,3,11,1,6,0,0,0,0,0,0,0,0,6,1,3,1,6,1.00,5,2,4,0.000,0,0,0,0,0,0,1,0,0,0.000,0,0,0,0,0.000,2,2,1,2,0,0,0,0,0,0,0,0,3,2,1,2,0.500,0,0,0,0,0,0,0.000,0,0,4,1,0,3,0,3,1,0,0,0,Middlebury College,Panthers,Jeff Brown,Middlebury College,Panthers,Jeff Brown,20,6,7,3,2206,1866,327,1057,317,151,131,351,387,678,1624,155,494,355,500
66,Miles,Drake,51,COL,Guard,Freshman,Darien (CT),United States of America,74,7,5,5,0,2,0,0,0,2,0,2,3,1,1,0,0,2,1,2,0,0,0,1,1,3,1,1,1.00,0,0,0,0.000,0,0,0,0,0,0,0,0,0,0.000,2,2,1,1,1.000,0,0,0,0,0,0,0,0,0,0,0,0,1,3,1,1,1.000,0,0,0,0,0,0,0.000,0,0,3,0,0,3,0,2,1,0,0,0,Colby College,Mules,Damien Strahorn,Colby College,Mules,Damien Strahorn,20,7,5,5,2163,2025,404,893,200,152,86,308,390,717,1668,288,795,303,416
73,Martin,Wilson,11,CON,Guard,Freshman,Boston (MA),United States of America,70,3,3,3,0,2,1,0,0,0,0,1,3,1,1,0,0,0,0,0,0,0,0,1,1,3,1,1,1.00,2,0,0,0.000,0,0,0,0,0,0,0,0,0,0.000,0,0,0,0,0.000,1,0,0,1,0,0,0,0,0,0,0,0,0,0,0,0,0.000,0,0,0,0,0,0,0.000,0,0,3,2,1,3,0,2,1,2,1,1,Connecticut College,Camels,Tim Sweeney,Connecticut College,Camels,Tim Sweeney,14,11,5,5,1881,1588,294,782,200,194,83,261,337,621,1483,147,504,199,321
106,Dean,Smith,15,MID,Forward,Sophomore,Summit (NJ),United States of America,78,4,8,3,0,1,0,1,2,1,2,1,7,1,7,0,0,0,0,0,0,0,0,7,1,3,1,7,1.00,0,0,0,0.000,0,0,0,0,0,0,0,0,0,0.000,0,0,0,0,0.000,0,0,0,0,0,0,0,0,0,0,0,0,3,0,0,2,0.000,0,0,0,0,0,0,0.000,0,0,3,3,1,3,1,2,1,0,0,1,Middlebury College,Panthers,Jeff Brown,Middlebury College,Panthers,Jeff Brown,20,6,7,3,2206,1866,327,1057,317,151,131,351,387,678,1624,155,494,355,500
26,Garvin,McLaughlin,13,BAT,Guard,Sophomore,Milton (MA),United States of America,76,6,10,7,0,4,1,1,0,0,1,2,9,1,7,2,3,0,0,0,1,0,0,8,1,3,1,7,0.88,1,1,2,1.000,0,0,0,0,0,0,0,0,0,0.000,1,0,0,1,0.000,0,0,0,0,0,0,0,0,0,0,0,0,2,3,1,2,0.500,0,0,0,0,1,2,2.000,0,0,2,4,1,2,1,2,1,2,1,1,Bates College,Bobcats,Jon Furbush,Bates College,Bobcats,Jon Furbush,7,17,1,9,2006,1650,293,784,172,160,76,345,428,616,1975,203,619,216,327
148,Theo,Liu,33,TUF,Guard,Freshman,Excelsior (MI),United States of America,77,6,12,12,3,5,2,1,1,1,0,5,10,0,3,0,2,1,0,0,1,0,0,3,0,0,0,3,1.00,5,5,10,0.000,0,0,0,0,0,0,1,1,2,2.000,0,0,0,0,0.000,0,0,0,0,0,0,0,0,0,0,0,0,3,4,2,2,1.000,2,4,2,2,1,2,2.000,1,1,2,3,1,1,0,0,1,0,0,1,Tufts University,Jumbos,Brandon Linton,Tufts University,Jumbos,Brandon Linton,20,8,6,4,2274,2370,465,1009,245,190,87,368,459,804,1751,219,637,284,424
124,Drew,Herer,14,TRI,Guard,Freshman,Needham (MA),United States of America,75,8,2,2,0,4,0,0,0,0,0,1,2,1,2,0,0,0,0,0,0,0,0,2,1,3,1,2,1.00,0,0,0,0.000,0,0,0,0,0,0,0,0,0,0.000,0,0,0,0,0.000,0,0,0,0,0,0,0,0,0,0,0,0,0,0,0,0,0.000,0,0,0,0,0,0,0.000,0,0,2,0,0,2,0,1,1,0,0,1,Trinity College (CT),Bantams,James Cosgrove,Trinity College (CT),Bantams,James Cosgrove,17,9,4,6,2101,1843,365,907,253,138,55,282,361,689,1633,191,596,271,413
71,Caelin,Peters,3,CON,Guard,Sophomore,Hamilton,Bermuda,75,13,60,41,19,9,2,5,1,10,14,16,45,3,16,6,9,3,2,4,4,1,2,17,3,9,3,16,0.94,20,8,16,0.000,1,1,2,1,1,2,0,0,0,0.000,3,2,1,3,0.333,10,8,3,7,0,0,0,0,0,0,0,0,9,8,4,9,0.444,1,2,0,0,1,2,2.000,1,1,32,26,9,27,5,19,0,0,0,0,Connecticut College,Camels,Tim Sweeney,Connecticut College,Camels,Tim Sweeney,14,11,5,5,1881,1588,294,782,200,194,83,261,337,621,1483,147,504,199,321
171,Dan,Lee,4,WIL,Guard,Junior,Dublin (OH),United States of America,73,9,6,6,2,2,1,0,0,1,3,1,3,1,2,2,3,0,0,0,0,0,0,3,1,3,1,2,0.67,0,0,0,0.000,0,0,0,0,0,0,0,0,0,0.000,0,0,0,0,0.000,1,0,0,0,0,0,0,0,0,0,0,0,1,0,0,1,0.000,0,0,0,0,0,0,0.000,0,0,7,6,1,5,0,4,0,0,0,0,Williams College,Ephs,Kevin App,Williams College,Ephs,Kevin App,24,5,7,3,2018,2117,369,885,121,152,127,303,341,713,1492,244,611,345,479
139,Jackson,Patton,12,TUF,Guard,Sophomore,Rumson (NJ),United States of America,70,8,6,6,4,2,0,0,0,1,1,2,5,0,1,0,0,0,0,0,1,1,2,1,0,0,0,1,1.00,3,1,2,0.000,0,0,0,0,0,0,0,0,0,0.000,0,0,0,0,0.000,2,2,1,2,0,0,0,0,0,0,0,0,0,0,0,0,0.000,0,0,0,0,0,0,0.000,0,0,6,9,3,5,1,2,0,0,0,0,Tufts University,Jumbos,Brandon Linton,Tufts University,Jumbos,Brandon Linton,20,8,6,4,2274,2370,465,1009,245,190,87,368,459,804,1751,219,637,284,424
102,Lucas,Shin,11,MID,Guard,Senior,La Canada (CA),United States of America,59,6,12,10,5,3,3,2,0,2,2,3,8,1,4,3,4,4,2,4,0,0,0,3,1,3,1,3,1.00,0,0,0,0.000,0,0,0,0,0,0,0,0,0,0.000,1,2,1,1,1.000,3,2,1,3,0,0,0,0,0,0,0,0,2,2,0,1,0.000,0,0,0,0,0,0,0.000,0,0,5,5,2,4,1,3,0,0,0,0,Middlebury College,Panthers,Jeff Brown,Middlebury College,Panthers,Jeff Brown,20,6,7,3,2206,1866,327,1057,317,151,131,351,387,678,1624,155,494,355,500
48,Gabe,Gitter-Dentz,32,BOW,Guard,Sophomore,New York (NY),United States of America,72,7,12,14,1,1,0,1,0,3,1,5,8,1,1,3,3,1,1,2,0,0,0,1,1,3,1,1,1.00,6,3,7,0.167,0,0,0,0,0,0,0,0,0,0.000,0,0,0,0,0.000,1,2,1,1,0,0,0,0,0,0,0,0,2,3,1,2,0.500,1,2,1,1,1,0,0.000,0,1,5,3,1,3,0,0,0,0,0,0,Bowdoin College,Polar Bears,Alex Lloyd,Bowdoin College,Polar Bears,Alex Lloyd,10,14,2,8,1995,1595,291,842,190,162,44,342,372,599,1481,163,516,233,366
104,Mark,Newell,13,MID,Guard,Freshman,Arlington (MA),United States of America,77,5,5,5,1,9,0,0,0,3,0,2,2,0,0,1,1,0,0,0,0,0,0,0,0,0,0,0,0.00,2,2,5,0.500,0,0,0,0,0,0,1,1,2,2.000,0,0,0,0,0.000,0,0,0,0,1,3,1,1,0,0,0,0,1,2,1,1,1.000,1,0,0,0,0,0,0.000,0,0,3,0,0,2,0,2,0,0,0,0,Middlebury College,Panthers,Jeff Brown,Middlebury College,Panthers,Jeff Brown,20,6,7,3,2206,1866,327,1057,317,151,131,351,387,678,1624,155,494,355,500
20,Drew,Sachs,3,BAT,Guard,Sophomore,Ft. Lauderdale (FL),United States of America,72,4,7,0,2,5,0,0,1,2,0,0,5,0,4,0,0,1,0,0,0,0,0,3,0,0,0,3,1.00,0,0,0,0.000,0,0,0,0,0,0,0,0,0,0.000,1,0,0,1,0.000,1,0,0,0,0,0,0,0,0,0,0,0,0,0,0,0,0.000,0,0,0,0,0,0,0.000,0,0,2,0,0,2,0,2,0,0,0,0,Bates College,Bobcats,Jon Furbush,Bates College,Bobcats,Jon Furbush,7,17,1,9,2006,1650,293,784,172,160,76,345,428,616,1975,203,619,216,327
40,Zach,Goffin,12,BOW,Forward,Junior,Great Barrington (MA),United States of America,77,6,7,4,2,3,1,0,0,1,1,2,6,0,1,0,0,0,0,0,0,0,0,1,0,0,0,1,1.00,5,2,4,0.000,0,0,0,0,0,0,0,0,0,0.000,0,0,0,0,0.000,0,0,0,0,0,0,0,0,0,0,0,0,1,0,0,1,0.000,0,0,0,0,1,0,0.000,0,1,2,0,0,2,0,1,0,0,0,0,Bowdoin College,Polar Bears,Alex Lloyd,Bowdoin College,Polar Bears,Alex Lloyd,10,14,2,8,1995,1595,291,842,190,162,44,342,372,599,1481,163,516,233,366
35,Will,Onubogu,0,BOW,Guard,Freshman,West Orange (NJ),United States of America,74,3,2,2,1,1,1,0,0,0,0,1,2,0,0,0,0,0,0,0,0,0,0,0,0,0,0,0,0.00,2,1,2,0.000,0,0,0,0,0,0,0,0,0,0.000,0,0,0,0,0.000,0,0,0,0,0,0,0,0,0,0,0,0,2,2,1,2,0.500,0,0,0,0,0,0,0.000,0,0,2,6,2,2,2,2,0,0,0,0,Bowdoin College,Polar Bears,Alex Lloyd,Bowdoin College,Polar Bears,Alex Lloyd,10,14,2,8,1995,1595,291,842,190,162,44,342,372,599,1481,163,516,233,366
184,Isiaha,Dickens,33,WIL,Center,Freshman,New York (NY),United States of America,79,6,8,8,2,2,1,1,0,3,0,2,5,2,5,0,0,0,0,0,0,0,0,5,2,6,2,5,1.00,0,0,0,0.000,0,0,0,0,0,0,0,0,0,0.000,0,0,0,0,0.000,1,0,0,0,0,0,0,0,0,0,0,0,0,0,0,0,0.000,0,0,0,0,0,0,0.000,0,0,1,0,0,1,0,0,0,0,0,0,Williams College,Ephs,Kevin App,Williams College,Ephs,Kevin App,24,5,7,3,2018,2117,369,885,121,152,127,303,341,713,1492,244,611,345,479
163,Dylan,Ward,24,WES,Guard,Junior,Westport (CT),United States of America,75,2,2,2,1,1,0,0,0,0,0,1,2,0,1,0,0,0,0,0,0,0,0,1,0,0,0,1,1.00,1,1,2,0.000,0,0,0,0,0,0,0,0,0,0.000,0,0,0,0,0.000,0,0,0,0,0,0,0,0,0,0,0,0,1,0,0,1,0.000,0,0,0,0,0,0,0.000,0,0,1,0,0,1,0,0,0,0,0,0,Wesleyan University (CT),Cardinals,Joe Reilly,Wesleyan University (CT),Cardinals,Joe Reilly,16,10,7,3,2102,1851,392,922,237,153,61,285,325,691,1632,190,618,279,404
93,Max,Freishtat,24,HAM,Guard,Sophomore,Potomac (MD),United States of America,75,4,3,0,0,1,0,0,0,0,0,0,3,0,3,0,0,0,0,0,0,0,0,3,0,0,0,3,1.00,0,0,0,0.000,0,0,0,0,0,0,0,0,0,0.000,0,0,0,0,0.000,0,0,0,0,0,0,0,0,0,0,0,0,0,0,0,0,0.000,0,0,0,0,0,0,0.000,0,0,1,0,0,1,0,1,0,0,0,0,Hamilton College,Continentals,Adam Stockwell,Hamilton College,Continentals,Adam Stockwell,20,9,7,3,2349,2092,395,1022,279,148,115,342,497,757,1772,210,655,368,508
128,Finn,"Donelan, III",30,TRI,Guard,Freshman,Fairfield (CT),United States of America,71,5,2,2,1,0,0,0,0,0,1,0,2,0,1,0,0,0,0,0,0,0,0,1,0,0,0,1,1.00,0,0,0,0.000,1,0,0,0,0,0,0,0,0,0.000,0,0,0,0,0.000,0,0,0,0,0,0,0,0,0,0,0,0,0,0,0,0,0.000,1,0,0,1,0,0,0.000,0,0,1,0,0,1,0,0,0,0,0,0,Trinity College (CT),Bantams,James Cosgrove,Trinity College (CT),Bantams,James Cosgrove,17,9,4,6,2101,1843,365,907,253,138,55,282,361,689,1633,191,596,271,413
161,Jacob,Pofsky,21,WES,Guard,Sophomore,Agoura Hills (CA),United States of America,73,0,0,0,0,1,0,0,0,0,0,0,0,0,0,0,0,0,0,0,0,0,0,0,0,0,0,0,0.00,0,0,0,0.000,0,0,0,0,0,0,0,0,0,0.000,0,0,0,0,0.000,0,0,0,0,0,0,0,0,0,0,0,0,0,0,0,0,0.000,0,0,0,0,0,0,0.000,0,0,1,0,0,1,0,1,0,0,0,0,Wesleyan University (CT),Cardinals,Joe Reilly,Wesleyan University (CT),Cardinals,Joe Reilly,16,10,7,3,2102,1851,392,922,237,153,61,285,325,691,1632,190,618,279,404
167,Michael,Astorino,33,WES,Guard,Freshman,Upper Dublin (PA),United States of America,77,0,0,0,0,0,0,0,0,0,0,0,0,0,0,0,0,0,0,0,0,0,0,0,0,0,0,0,0.00,0,0,0,0.000,0,0,0,0,0,0,0,0,0,0.000,0,0,0,0,0.000,1,0,0,0,3,2,1,2,0,0,0,0,0,0,0,0,0.000,0,0,0,0,0,0,0.000,0,0,0,0,0,0,0,0,0,0,0,0,Wesleyan University (CT),Cardinals,Joe Reilly,Wesleyan University (CT),Cardinals,Joe Reilly,16,10,7,3,2102,1851,392,922,237,153,61,285,325,691,1632,190,618,279,404
39,Billy,Ackerman,11,BOW,Guard,Senior,Marblehead (MA),United States of America,59,1,1,1,0,0,0,0,0,0,0,0,1,0,1,0,0,0,0,0,0,0,0,0,0,0,0,0,0.00,0,0,0,0.000,0,0,0,0,0,0,0,0,0,0.000,0,0,0,0,0.000,1,0,0,1,0,0,0,0,0,0,0,0,0,0,0,0,0.000,0,0,0,0,0,0,0.000,0,0,0,0,0,0,0,0,0,0,0,0,Bowdoin College,Polar Bears,Alex Lloyd,Bowdoin College,Polar Bears,Alex Lloyd,10,14,2,8,1995,1595,291,842,190,162,44,342,372,599,1481,163,516,233,366
25,Aydan,Gedeon-Hope,12,BAT,Guard,Sophomore,Norton (MA),United States of America,75,1,1,1,0,4,2,1,0,0,0,1,1,0,0,0,0,1,1,2,0,0,0,0,0,0,0,0,0.00,0,0,0,0.000,0,0,0,0,0,0,0,0,0,0.000,0,0,0,0,0.000,0,0,0,0,0,0,0,0,0,0,0,0,0,0,0,0,0.000,0,0,0,0,1,2,2.000,1,1,0,0,0,0,0,0,0,0,0,0,Bates College,Bobcats,Jon Furbush,Bates College,Bobcats,Jon Furbush,7,17,1,9,2006,1650,293,784,172,160,76,345,428,616,1975,203,619,216,327
51,Henry,Rovillard,43,BOW,Guard,Freshman,Margate City (NJ),United States of America,76,0,0,0,0,0,0,0,0,0,0,0,0,0,0,0,0,0,0,0,0,0,0,0,0,0,0,0,0.00,0,0,0,0.000,0,0,0,0,0,0,0,0,0,0.000,0,0,0,0,0.000,0,0,0,0,0,0,0,0,0,0,0,0,0,0,0,0,0.000,0,0,0,0,0,0,0.000,0,0,0,0,0,0,0,0,0,0,0,0,Bowdoin College,Polar Bears,Alex Lloyd,Bowdoin College,Polar Bears,Alex Lloyd,10,14,2,8,1995,1595,291,842,190,162,44,342,372,599,1481,163,516,233,366
58,Rashard,Doyal,13,COL,Guard,Freshman,Atlanta (GA),United States of America,73,0,0,0,0,0,0,0,0,0,0,0,0,0,0,0,0,0,0,0,0,0,0,0,0,0,0,0,0.00,0,0,0,0.000,0,0,0,0,0,0,0,0,0,0.000,0,0,0,0,0.000,0,0,0,0,0,0,0,0,0,0,0,0,0,0,0,0,0.000,0,0,0,0,0,0,0.000,0,0,0,0,0,0,0,0,0,0,0,0,Colby College,Mules,Damien Strahorn,Colby College,Mules,Damien Strahorn,20,7,5,5,2163,2025,404,893,200,152,86,308,390,717,1668,288,795,303,416
158,Philip,Park,13,WES,Guard,Sophomore,Wayne (NJ),United States of America,74,0,0,0,0,0,0,0,0,0,0,0,0,0,0,0,0,0,0,0,0,0,0,0,0,0,0,0,0.00,0,0,0,0.000,0,0,0,0,0,0,0,0,0,0.000,0,0,0,0,0.000,0,0,0,0,0,0,0,0,0,0,0,0,0,0,0,0,0.000,0,0,0,0,0,0,0.000,0,0,0,0,0,0,0,0,0,0,0,0,Wesleyan University (CT),Cardinals,Joe Reilly,Wesleyan University (CT),Cardinals,Joe Reilly,16,10,7,3,2102,1851,392,922,237,153,61,285,325,691,1632,190,618,279,404
159,Jackson,Cormier,14,WES,Guard,Freshman,Houston (TX),United States of America,76,0,0,0,0,0,0,0,0,0,0,0,0,0,0,0,0,0,0,0,0,0,0,0,0,0,0,0,0.00,0,0,0,0.000,0,0,0,0,0,0,0,0,0,0.000,0,0,0,0,0.000,0,0,0,0,0,0,0,0,0,0,0,0,0,0,0,0,0.000,0,0,0,0,0,0,0.000,0,0,0,0,0,0,0,0,0,0,0,0,Wesleyan University (CT),Cardinals,Joe Reilly,Wesleyan University (CT),Cardinals,Joe Reilly,16,10,7,3,2102,1851,392,922,237,153,61,285,325,691,1632,190,618,279,404
180,Alex,Stoddard,23,WIL,Guard,Junior,Wellesley (MA),United States of America,78,0,0,0,0,0,0,0,0,0,0,0,0,0,0,0,0,0,0,0,0,0,0,0,0,0,0,0,0.00,0,0,0,0.000,0,0,0,0,0,0,0,0,0,0.000,0,0,0,0,0.000,0,0,0,0,0,0,0,0,0,0,0,0,0,0,0,0,0.000,0,0,0,0,0,0,0.000,0,0,0,0,0,0,0,0,0,0,0,0,Williams College,Ephs,Kevin App,Williams College,Ephs,Kevin App,24,5,7,3,2018,2117,369,885,121,152,127,303,341,713,1492,244,611,345,479